age,age_cat,charge,race,sex,priors_count,score,outcome
69,Greater than 45,Felony,Other,Male,0,1,0
34,25 - 45,Felony,African-American,Male,0,1,1
44,25 - 45,Misdemeanor,Other,Male,0,1,0
43,25 - 45,Felony,Other,Male,3,3,0
39,25 - 45,Misdemeanor,Caucasian,Female,0,1,0
27,25 - 45,Felony,Caucasian,Male,0,4,0
37,25 - 45,Misdemeanor,Caucasian,Female,0,1,0
41,25 - 45,Felony,African-American,Male,0,2,0
37,25 - 45,Misdemeanor,Hispanic,Male,0,1,0
25,25 - 45,Felony,African-American,Male,3,9,0
31,25 - 45,Felony,Caucasian,Male,6,4,1
21,Less than 25,Felony,Caucasian,Female,0,5,0
43,25 - 45,Misdemeanor,Caucasian,Male,1,2,0
32,25 - 45,Misdemeanor,Other,Male,0,4,0
27,25 - 45,Felony,African-American,Male,8,3,1
33,25 - 45,Felony,African-American,Male,0,6,1
55,Greater than 45,Felony,Caucasian,Male,0,1,0
29,25 - 45,Misdemeanor,Caucasian,Male,0,2,0
21,Less than 25,Felony,African-American,Female,2,8,0
51,Greater than 45,Misdemeanor,African-American,Male,2,1,0
51,Greater than 45,Felony,African-American,Female,7,2,0
25,25 - 45,Misdemeanor,Caucasian,Male,9,9,1
35,25 - 45,Felony,African-American,Male,13,3,1
49,Greater than 45,Misdemeanor,Caucasian,Male,0,1,0
29,25 - 45,Felony,African-American,Male,0,3,0
28,25 - 45,Felony,Other,Female,0,2,0
31,25 - 45,Felony,African-American,Male,15,7,0
30,25 - 45,Misdemeanor,Hispanic,Male,0,3,0
49,Greater than 45,Misdemeanor,African-American,Male,4,1,0
53,Greater than 45,Felony,Caucasian,Male,8,2,0
35,25 - 45,Felony,African-American,Male,5,2,0
62,Greater than 45,Misdemeanor,Hispanic,Male,0,1,0
33,25 - 45,Misdemeanor,Other,Male,0,1,0
56,Greater than 45,Misdemeanor,African-American,Female,0,1,0
45,Greater than 45,Felony,Hispanic,Male,6,1,1
22,Less than 25,Felony,Hispanic,Male,1,6,0
39,25 - 45,Misdemeanor,African-American,Male,1,2,0
40,25 - 45,Felony,African-American,Male,2,1,0
22,Less than 25,Felony,Caucasian,Male,0,6,0
26,25 - 45,Felony,African-American,Female,1,3,1
32,25 - 45,Felony,African-American,Male,0,1,0
41,25 - 45,Misdemeanor,African-American,Male,1,2,0
30,25 - 45,Misdemeanor,African-American,Male,8,9,1
25,25 - 45,Felony,African-American,Male,14,10,1
20,Less than 25,Felony,Other,Male,0,8,1
35,25 - 45,Misdemeanor,African-American,Female,1,1,0
25,25 - 45,Felony,Caucasian,Male,9,9,1
20,Less than 25,Felony,Caucasian,Female,0,8,0
54,Greater than 45,Misdemeanor,Caucasian,Female,0,1,0
44,25 - 45,Misdemeanor,Hispanic,Female,0,1,0
19,Less than 25,Misdemeanor,African-American,Male,1,7,1
30,25 - 45,Felony,African-American,Male,1,2,0
39,25 - 45,Felony,Caucasian,Female,0,1,1
30,25 - 45,Felony,Caucasian,Male,0,2,0
31,25 - 45,Misdemeanor,Caucasian,Male,0,2,0
39,25 - 45,Felony,Caucasian,Female,1,3,0
43,25 - 45,Felony,Caucasian,Male,1,1,0
34,25 - 45,Felony,Caucasian,Male,0,5,0
37,25 - 45,Felony,African-American,Male,3,1,0
31,25 - 45,Misdemeanor,African-American,Male,1,8,0
30,25 - 45,Felony,Other,Female,1,2,0
31,25 - 45,Felony,Caucasian,Male,13,7,1
52,Greater than 45,Misdemeanor,Caucasian,Male,3,6,0
42,25 - 45,Felony,Caucasian,Male,6,1,0
25,25 - 45,Felony,Caucasian,Female,2,5,0
30,25 - 45,Misdemeanor,Caucasian,Male,1,2,0
37,25 - 45,Misdemeanor,Other,Female,2,1,0
24,Less than 25,Misdemeanor,African-American,Female,0,3,0
31,25 - 45,Misdemeanor,African-American,Male,1,3,0
20,Less than 25,Felony,African-American,Female,1,10,0
43,25 - 45,Misdemeanor,Caucasian,Female,0,1,0
32,25 - 45,Felony,African-American,Male,11,5,1
33,25 - 45,Misdemeanor,African-American,Male,8,2,1
20,Less than 25,Felony,African-American,Female,0,8,0
26,25 - 45,Misdemeanor,Caucasian,Female,0,3,0
63,Greater than 45,Felony,Hispanic,Male,1,1,0
32,25 - 45,Felony,African-American,Female,4,9,1
29,25 - 45,Felony,Hispanic,Male,1,4,0
39,25 - 45,Misdemeanor,Caucasian,Male,1,4,0
30,25 - 45,Felony,African-American,Male,1,8,0
48,Greater than 45,Misdemeanor,Caucasian,Male,2,1,0
22,Less than 25,Felony,African-American,Male,1,4,0
31,25 - 45,Felony,Caucasian,Male,0,4,0
23,Less than 25,Felony,Hispanic,Male,0,5,0
32,25 - 45,Felony,African-American,Female,5,3,0
52,Greater than 45,Misdemeanor,Hispanic,Male,2,1,0
62,Greater than 45,Felony,African-American,Male,8,1,0
28,25 - 45,Misdemeanor,African-American,Male,6,6,1
54,Greater than 45,Felony,Hispanic,Male,2,1,0
58,Greater than 45,Felony,Hispanic,Male,0,1,0
56,Greater than 45,Felony,Caucasian,Male,0,1,0
24,Less than 25,Felony,Other,Male,0,4,0
57,Greater than 45,Felony,Hispanic,Male,1,1,0
66,Greater than 45,Felony,African-American,Male,3,1,0
37,25 - 45,Misdemeanor,African-American,Male,2,8,1
45,Greater than 45,Felony,Caucasian,Male,2,4,0
23,Less than 25,Felony,African-American,Male,0,4,1
34,25 - 45,Misdemeanor,African-American,Male,2,1,0
23,Less than 25,Misdemeanor,African-American,Female,1,4,0
50,Greater than 45,Felony,Caucasian,Male,1,1,0
37,25 - 45,Misdemeanor,Caucasian,Female,0,1,0
44,25 - 45,Misdemeanor,Caucasian,Male,4,4,0
27,25 - 45,Misdemeanor,African-American,Male,0,3,0
28,25 - 45,Felony,African-American,Female,0,6,0
38,25 - 45,Felony,African-American,Male,2,1,0
28,25 - 45,Felony,African-American,Female,1,7,0
38,25 - 45,Felony,African-American,Male,15,3,0
28,25 - 45,Misdemeanor,African-American,Male,2,4,0
51,Greater than 45,Misdemeanor,Caucasian,Female,0,1,1
51,Greater than 45,Misdemeanor,Caucasian,Male,0,2,0
48,Greater than 45,Felony,African-American,Male,0,1,0
30,25 - 45,Felony,African-American,Female,2,4,0
41,25 - 45,Misdemeanor,African-American,Female,5,3,0
37,25 - 45,Misdemeanor,African-American,Male,0,1,0
54,Greater than 45,Felony,African-American,Male,11,9,0
23,Less than 25,Felony,African-American,Male,2,5,0
41,25 - 45,Misdemeanor,African-American,Male,0,1,0
52,Greater than 45,Felony,Caucasian,Male,0,1,0
52,Greater than 45,Felony,African-American,Male,0,3,0
28,25 - 45,Felony,Caucasian,Male,1,2,0
30,25 - 45,Misdemeanor,African-American,Male,11,4,1
28,25 - 45,Felony,Caucasian,Male,1,3,0
22,Less than 25,Felony,African-American,Male,0,6,0
30,25 - 45,Felony,African-American,Male,4,2,0
25,25 - 45,Felony,Hispanic,Male,4,4,0
32,25 - 45,Felony,African-American,Male,14,8,0
53,Greater than 45,Misdemeanor,Caucasian,Male,1,1,0
25,25 - 45,Felony,African-American,Male,0,4,0
37,25 - 45,Misdemeanor,Other,Female,0,1,0
40,25 - 45,Felony,Other,Female,3,1,0
31,25 - 45,Misdemeanor,Hispanic,Female,0,2,0
24,Less than 25,Misdemeanor,Hispanic,Male,0,7,0
29,25 - 45,Misdemeanor,African-American,Male,1,3,0
20,Less than 25,Felony,African-American,Male,1,7,1
39,25 - 45,Felony,Other,Male,0,1,0
27,25 - 45,Felony,African-American,Male,4,4,0
37,25 - 45,Felony,African-American,Female,2,1,0
20,Less than 25,Felony,African-American,Male,0,6,0
22,Less than 25,Felony,Hispanic,Male,0,6,0
52,Greater than 45,Felony,African-American,Female,0,1,0
48,Greater than 45,Felony,African-American,Female,0,3,0
25,25 - 45,Felony,Caucasian,Male,0,4,0
27,25 - 45,Felony,Caucasian,Male,0,7,1
22,Less than 25,Felony,Caucasian,Female,1,4,0
41,25 - 45,Misdemeanor,African-American,Female,2,1,0
25,25 - 45,Felony,Other,Female,0,3,0
43,25 - 45,Felony,African-American,Male,0,1,0
37,25 - 45,Felony,Caucasian,Male,3,1,0
70,Greater than 45,Misdemeanor,Caucasian,Male,1,1,0
46,Greater than 45,Felony,Caucasian,Male,3,2,0
26,25 - 45,Misdemeanor,African-American,Male,1,6,1
34,25 - 45,Misdemeanor,Caucasian,Male,5,4,0
34,25 - 45,Misdemeanor,African-American,Male,5,4,0
24,Less than 25,Felony,Other,Male,0,5,0
58,Greater than 45,Felony,Caucasian,Male,2,1,0
21,Less than 25,Misdemeanor,African-American,Female,0,7,0
62,Greater than 45,Felony,Caucasian,Male,0,1,0
37,25 - 45,Felony,Caucasian,Male,5,1,0
32,25 - 45,Felony,African-American,Female,5,1,0
23,Less than 25,Felony,Hispanic,Male,0,5,0
27,25 - 45,Misdemeanor,African-American,Male,0,2,0
42,25 - 45,Felony,Caucasian,Female,0,1,0
24,Less than 25,Felony,Other,Male,9,10,1
27,25 - 45,Felony,African-American,Male,0,3,0
51,Greater than 45,Misdemeanor,Caucasian,Female,0,1,0
56,Greater than 45,Misdemeanor,Caucasian,Male,0,1,0
29,25 - 45,Felony,African-American,Male,7,6,0
27,25 - 45,Felony,Caucasian,Male,8,3,0
24,Less than 25,Felony,African-American,Male,2,9,1
28,25 - 45,Misdemeanor,Caucasian,Male,2,4,1
21,Less than 25,Felony,Hispanic,Male,3,6,0
36,25 - 45,Felony,African-American,Female,0,5,0
23,Less than 25,Misdemeanor,Hispanic,Female,1,4,0
28,25 - 45,Felony,Caucasian,Male,1,3,0
36,25 - 45,Misdemeanor,Caucasian,Male,0,3,0
24,Less than 25,Felony,African-American,Male,0,4,0
29,25 - 45,Felony,African-American,Male,0,2,0
30,25 - 45,Misdemeanor,Caucasian,Female,0,2,0
51,Greater than 45,Misdemeanor,Hispanic,Male,1,1,0
32,25 - 45,Felony,African-American,Male,12,7,1
23,Less than 25,Felony,African-American,Male,1,5,0
47,Greater than 45,Felony,African-American,Male,3,2,0
37,25 - 45,Felony,Caucasian,Male,0,1,0
27,25 - 45,Misdemeanor,Hispanic,Male,0,6,0
39,25 - 45,Misdemeanor,Other,Male,0,1,0
21,Less than 25,Felony,Caucasian,Female,0,8,0
69,Greater than 45,Misdemeanor,Caucasian,Male,0,1,0
21,Less than 25,Felony,Caucasian,Male,2,6,0
22,Less than 25,Felony,Caucasian,Male,0,5,0
49,Greater than 45,Felony,African-American,Male,3,4,0
29,25 - 45,Misdemeanor,African-American,Male,2,3,0
60,Greater than 45,Misdemeanor,Caucasian,Female,0,1,0
20,Less than 25,Felony,Other,Female,1,7,0
36,25 - 45,Felony,Hispanic,Male,1,2,0
30,25 - 45,Felony,Caucasian,Male,0,3,0
21,Less than 25,Felony,African-American,Male,1,6,0
34,25 - 45,Misdemeanor,Caucasian,Male,1,1,0
53,Greater than 45,Misdemeanor,Caucasian,Female,1,1,0
24,Less than 25,Felony,African-American,Female,0,4,0
42,25 - 45,Felony,African-American,Male,1,1,0
28,25 - 45,Misdemeanor,African-American,Male,1,3,0
22,Less than 25,Felony,African-American,Male,4,9,1
21,Less than 25,Misdemeanor,Caucasian,Male,3,8,0
35,25 - 45,Felony,African-American,Male,2,5,0
53,Greater than 45,Felony,African-American,Male,2,1,0
29,25 - 45,Felony,African-American,Male,7,3,0
48,Greater than 45,Felony,Caucasian,Male,23,5,1
52,Greater than 45,Misdemeanor,Caucasian,Female,0,1,0
28,25 - 45,Felony,African-American,Male,5,6,0
33,25 - 45,Misdemeanor,Caucasian,Male,3,1,0
28,25 - 45,Felony,Hispanic,Female,0,2,0
29,25 - 45,Felony,African-American,Male,2,5,0
25,25 - 45,Felony,Caucasian,Male,0,3,0
56,Greater than 45,Felony,African-American,Male,5,3,0
27,25 - 45,Felony,African-American,Male,9,8,1
32,25 - 45,Felony,African-American,Male,3,2,0
60,Greater than 45,Felony,Other,Male,4,1,0
23,Less than 25,Misdemeanor,Hispanic,Male,1,4,0
39,25 - 45,Misdemeanor,Caucasian,Female,0,2,0
56,Greater than 45,Misdemeanor,Caucasian,Male,0,1,0
22,Less than 25,Felony,African-American,Female,0,8,0
53,Greater than 45,Felony,African-American,Male,11,3,0
21,Less than 25,Misdemeanor,Hispanic,Male,0,6,0
22,Less than 25,Felony,Caucasian,Male,0,5,0
58,Greater than 45,Misdemeanor,Caucasian,Female,2,1,0
42,25 - 45,Felony,Other,Male,1,1,0
29,25 - 45,Misdemeanor,Caucasian,Male,0,4,1
22,Less than 25,Felony,African-American,Male,3,6,0
37,25 - 45,Felony,Caucasian,Male,0,3,0
27,25 - 45,Misdemeanor,Caucasian,Male,3,1,0
26,25 - 45,Felony,African-American,Male,3,3,0
33,25 - 45,Felony,Caucasian,Male,0,2,0
29,25 - 45,Felony,African-American,Male,2,3,0
36,25 - 45,Misdemeanor,Caucasian,Male,2,1,0
24,Less than 25,Felony,Caucasian,Female,0,5,0
34,25 - 45,Misdemeanor,Caucasian,Male,0,1,0
25,25 - 45,Felony,Hispanic,Male,2,3,1
24,Less than 25,Misdemeanor,African-American,Male,1,4,1
61,Greater than 45,Felony,Caucasian,Male,4,1,0
50,Greater than 45,Felony,African-American,Female,3,1,0
30,25 - 45,Misdemeanor,African-American,Male,1,2,0
38,25 - 45,Felony,African-American,Male,5,2,0
24,Less than 25,Misdemeanor,Caucasian,Male,0,2,0
20,Less than 25,Felony,Other,Male,0,6,1
27,25 - 45,Misdemeanor,African-American,Male,13,9,1
28,25 - 45,Felony,Caucasian,Male,1,3,1
26,25 - 45,Felony,African-American,Male,10,6,1
28,25 - 45,Felony,African-American,Male,5,10,0
63,Greater than 45,Felony,Caucasian,Male,2,1,0
42,25 - 45,Felony,African-American,Male,0,1,0
23,Less than 25,Felony,African-American,Male,6,6,0
54,Greater than 45,Misdemeanor,African-American,Male,2,1,0
35,25 - 45,Misdemeanor,African-American,Male,1,2,0
20,Less than 25,Felony,African-American,Male,1,10,1
51,Greater than 45,Felony,Caucasian,Male,0,1,0
24,Less than 25,Felony,Hispanic,Male,0,7,0
37,25 - 45,Felony,Caucasian,Male,3,1,0
47,Greater than 45,Felony,Caucasian,Male,3,1,0
56,Greater than 45,Felony,Caucasian,Male,0,1,0
35,25 - 45,Felony,Asian,Male,0,4,0
58,Greater than 45,Felony,Hispanic,Male,1,1,0
29,25 - 45,Misdemeanor,Hispanic,Male,2,2,0
24,Less than 25,Felony,Caucasian,Female,6,4,1
21,Less than 25,Misdemeanor,Caucasian,Male,2,9,1
26,25 - 45,Felony,African-American,Male,1,3,0
30,25 - 45,Misdemeanor,Caucasian,Female,0,2,0
29,25 - 45,Misdemeanor,Caucasian,Male,0,4,1
54,Greater than 45,Misdemeanor,African-American,Male,0,1,0
29,25 - 45,Felony,African-American,Male,4,4,1
59,Greater than 45,Misdemeanor,Caucasian,Female,0,1,0
38,25 - 45,Felony,African-American,Male,0,1,0
52,Greater than 45,Felony,Hispanic,Male,20,1,0
27,25 - 45,Felony,Caucasian,Male,2,4,0
51,Greater than 45,Misdemeanor,Caucasian,Male,1,1,0
35,25 - 45,Felony,Caucasian,Male,1,3,0
52,Greater than 45,Misdemeanor,Caucasian,Male,4,2,0
48,Greater than 45,Felony,Other,Male,12,4,0
26,25 - 45,Misdemeanor,African-American,Female,0,2,0
48,Greater than 45,Misdemeanor,Caucasian,Female,0,1,0
30,25 - 45,Misdemeanor,Hispanic,Male,7,5,0
28,25 - 45,Misdemeanor,Other,Male,2,2,0
33,25 - 45,Misdemeanor,African-American,Male,2,3,0
34,25 - 45,Felony,African-American,Female,6,2,0
25,25 - 45,Misdemeanor,Other,Male,0,2,0
24,Less than 25,Felony,Caucasian,Male,0,3,0
52,Greater than 45,Misdemeanor,African-American,Male,4,3,0
24,Less than 25,Felony,Caucasian,Male,0,3,0
23,Less than 25,Misdemeanor,Caucasian,Male,0,6,0
27,25 - 45,Felony,Caucasian,Male,6,3,0
31,25 - 45,Felony,African-American,Male,0,1,0
32,25 - 45,Felony,Caucasian,Male,1,2,1
37,25 - 45,Felony,Other,Male,1,1,0
25,25 - 45,Felony,Caucasian,Male,0,4,0
32,25 - 45,Felony,Hispanic,Male,20,7,0
35,25 - 45,Felony,African-American,Male,0,2,0
24,Less than 25,Misdemeanor,Caucasian,Male,9,8,1
47,Greater than 45,Misdemeanor,Caucasian,Male,1,1,0
44,25 - 45,Misdemeanor,African-American,Male,1,1,0
23,Less than 25,Felony,Caucasian,Male,2,3,0
42,25 - 45,Felony,African-American,Male,8,2,0
58,Greater than 45,Felony,African-American,Male,6,3,0
26,25 - 45,Felony,African-American,Male,3,4,0
48,Greater than 45,Felony,Other,Female,0,1,0
21,Less than 25,Felony,African-American,Male,3,6,1
63,Greater than 45,Misdemeanor,Caucasian,Male,1,1,0
22,Less than 25,Felony,African-American,Male,3,7,1
50,Greater than 45,Misdemeanor,African-American,Male,3,2,0
38,25 - 45,Felony,African-American,Male,0,1,0
41,25 - 45,Felony,Caucasian,Male,1,4,0
28,25 - 45,Felony,African-American,Male,16,9,1
30,25 - 45,Misdemeanor,African-American,Female,0,3,0
23,Less than 25,Felony,African-American,Male,1,7,0
40,25 - 45,Felony,Caucasian,Male,5,1,0
24,Less than 25,Felony,Hispanic,Male,8,4,0
44,25 - 45,Misdemeanor,Caucasian,Male,11,6,0
35,25 - 45,Felony,African-American,Female,6,1,1
42,25 - 45,Misdemeanor,Caucasian,Male,0,1,0
38,25 - 45,Felony,African-American,Male,15,5,0
26,25 - 45,Felony,Hispanic,Male,4,6,0
25,25 - 45,Misdemeanor,African-American,Female,0,3,0
64,Greater than 45,Felony,Hispanic,Male,1,1,0
46,Greater than 45,Misdemeanor,Caucasian,Female,0,1,0
30,25 - 45,Felony,African-American,Male,5,6,1
22,Less than 25,Misdemeanor,Caucasian,Female,0,4,0
23,Less than 25,Misdemeanor,Caucasian,Male,1,6,0
31,25 - 45,Misdemeanor,Hispanic,Male,0,2,0
31,25 - 45,Felony,Other,Male,1,2,0
25,25 - 45,Misdemeanor,African-American,Male,0,4,0
21,Less than 25,Felony,Caucasian,Female,0,5,0
27,25 - 45,Misdemeanor,African-American,Male,0,3,0
32,25 - 45,Felony,Hispanic,Male,1,1,0
24,Less than 25,Felony,Caucasian,Female,0,5,0
20,Less than 25,Felony,African-American,Male,1,6,0
27,25 - 45,Misdemeanor,African-American,Male,3,8,1
40,25 - 45,Felony,African-American,Male,0,1,0
22,Less than 25,Felony,African-American,Male,11,8,1
38,25 - 45,Felony,African-American,Female,1,1,0
30,25 - 45,Misdemeanor,African-American,Male,1,4,0
27,25 - 45,Felony,Caucasian,Male,6,4,1
59,Greater than 45,Misdemeanor,Caucasian,Female,0,1,0
37,25 - 45,Misdemeanor,Caucasian,Male,2,1,0
38,25 - 45,Felony,Caucasian,Male,0,1,0
25,25 - 45,Felony,African-American,Male,4,4,1
51,Greater than 45,Misdemeanor,Caucasian,Male,0,1,0
28,25 - 45,Felony,African-American,Male,10,2,0
23,Less than 25,Felony,Caucasian,Female,3,9,0
22,Less than 25,Misdemeanor,African-American,Female,0,6,0
31,25 - 45,Misdemeanor,African-American,Male,1,1,0
29,25 - 45,Misdemeanor,African-American,Male,0,1,0
31,25 - 45,Misdemeanor,Hispanic,Male,0,2,0
27,25 - 45,Misdemeanor,Caucasian,Male,5,7,0
25,25 - 45,Felony,Caucasian,Male,1,3,0
38,25 - 45,Felony,African-American,Male,0,1,0
22,Less than 25,Felony,Other,Male,0,7,0
58,Greater than 45,Felony,African-American,Female,4,1,1
21,Less than 25,Felony,African-American,Male,0,5,0
22,Less than 25,Felony,African-American,Female,0,6,0
30,25 - 45,Felony,African-American,Male,0,2,0
31,25 - 45,Felony,African-American,Female,10,2,0
45,Greater than 45,Felony,Caucasian,Female,1,4,0
27,25 - 45,Felony,African-American,Male,13,3,1
38,25 - 45,Felony,Caucasian,Male,1,1,1
47,Greater than 45,Felony,African-American,Male,20,5,0
22,Less than 25,Felony,African-American,Male,3,7,0
35,25 - 45,Misdemeanor,African-American,Male,1,3,1
65,Greater than 45,Misdemeanor,African-American,Male,2,1,1
35,25 - 45,Misdemeanor,African-American,Male,0,3,0
33,25 - 45,Felony,African-American,Female,0,2,0
53,Greater than 45,Misdemeanor,Caucasian,Male,1,1,0
52,Greater than 45,Felony,Hispanic,Male,0,1,0
21,Less than 25,Felony,African-American,Male,0,7,0
37,25 - 45,Felony,African-American,Male,11,2,0
30,25 - 45,Misdemeanor,Other,Male,4,8,1
54,Greater than 45,Felony,Other,Male,0,1,0
31,25 - 45,Misdemeanor,African-American,Female,0,1,0
59,Greater than 45,Felony,Caucasian,Female,2,1,0
27,25 - 45,Misdemeanor,African-American,Male,0,2,0
36,25 - 45,Misdemeanor,African-American,Male,0,2,1
22,Less than 25,Felony,African-American,Male,3,8,0
28,25 - 45,Misdemeanor,Caucasian,Female,0,2,0
23,Less than 25,Misdemeanor,African-American,Male,2,9,1
27,25 - 45,Felony,African-American,Male,3,3,0
21,Less than 25,Felony,Asian,Male,0,6,1
31,25 - 45,Felony,African-American,Male,5,4,0
36,25 - 45,Misdemeanor,African-American,Male,4,2,0
53,Greater than 45,Felony,Caucasian,Male,2,1,0
28,25 - 45,Misdemeanor,African-American,Male,2,2,0
24,Less than 25,Misdemeanor,African-American,Male,1,4,0
44,25 - 45,Felony,African-American,Male,1,1,0
46,Greater than 45,Felony,African-American,Male,0,1,0
37,25 - 45,Felony,African-American,Male,6,5,0
27,25 - 45,Felony,African-American,Male,10,7,1
40,25 - 45,Felony,Caucasian,Male,1,1,0
53,Greater than 45,Felony,Caucasian,Male,1,1,0
28,25 - 45,Felony,African-American,Male,0,3,0
23,Less than 25,Misdemeanor,Hispanic,Male,0,5,0
46,Greater than 45,Felony,Caucasian,Female,2,1,0
45,Greater than 45,Misdemeanor,African-American,Male,0,1,0
22,Less than 25,Felony,African-American,Male,1,7,0
26,25 - 45,Felony,Caucasian,Male,1,3,1
62,Greater than 45,Felony,Caucasian,Male,0,1,0
24,Less than 25,Felony,Hispanic,Male,1,5,0
21,Less than 25,Misdemeanor,Caucasian,Male,0,5,0
25,25 - 45,Felony,Caucasian,Male,0,3,1
68,Greater than 45,Misdemeanor,Caucasian,Male,0,1,0
21,Less than 25,Felony,Caucasian,Male,1,6,0
37,25 - 45,Felony,Hispanic,Female,1,1,0
22,Less than 25,Felony,African-American,Male,0,5,0
42,25 - 45,Felony,Caucasian,Male,1,1,0
48,Greater than 45,Felony,African-American,Male,2,1,0
23,Less than 25,Felony,African-American,Male,6,8,1
24,Less than 25,Felony,African-American,Male,0,7,0
29,25 - 45,Felony,African-American,Male,0,3,0
24,Less than 25,Felony,African-American,Male,0,4,0
50,Greater than 45,Felony,African-American,Male,11,6,0
23,Less than 25,Felony,African-American,Male,0,4,0
22,Less than 25,Misdemeanor,Caucasian,Female,0,6,0
36,25 - 45,Felony,Other,Male,0,1,0
53,Greater than 45,Felony,Caucasian,Female,0,1,0
25,25 - 45,Misdemeanor,African-American,Female,1,5,0
71,Greater than 45,Felony,African-American,Male,8,2,0
39,25 - 45,Misdemeanor,African-American,Male,10,3,0
37,25 - 45,Felony,African-American,Female,0,3,0
29,25 - 45,Felony,African-American,Female,3,4,0
23,Less than 25,Misdemeanor,Other,Female,0,10,0
23,Less than 25,Felony,African-American,Female,0,3,0
27,25 - 45,Misdemeanor,Native American,Male,3,4,0
53,Greater than 45,Felony,African-American,Female,0,1,0
23,Less than 25,Felony,African-American,Female,0,7,0
25,25 - 45,Felony,African-American,Male,6,5,0
23,Less than 25,Misdemeanor,Other,Male,2,6,0
27,25 - 45,Felony,African-American,Male,4,7,1
29,25 - 45,Misdemeanor,African-American,Male,1,3,0
28,25 - 45,Felony,Hispanic,Male,0,2,0
31,25 - 45,Misdemeanor,African-American,Male,0,1,0
25,25 - 45,Misdemeanor,Caucasian,Male,0,3,0
47,Greater than 45,Misdemeanor,Caucasian,Male,0,1,0
37,25 - 45,Felony,African-American,Male,4,1,0
35,25 - 45,Felony,African-American,Female,4,3,0
21,Less than 25,Felony,Caucasian,Male,2,8,1
57,Greater than 45,Felony,African-American,Male,11,5,0
48,Greater than 45,Felony,Caucasian,Male,0,4,0
36,25 - 45,Felony,Other,Male,0,1,0
37,25 - 45,Felony,African-American,Female,3,4,0
31,25 - 45,Misdemeanor,Caucasian,Male,0,2,0
31,25 - 45,Misdemeanor,Caucasian,Male,2,2,0
32,25 - 45,Felony,African-American,Male,22,10,1
23,Less than 25,Misdemeanor,Other,Female,0,5,0
63,Greater than 45,Misdemeanor,African-American,Male,0,1,0
30,25 - 45,Felony,Other,Male,0,2,0
20,Less than 25,Felony,Caucasian,Male,0,7,0
24,Less than 25,Misdemeanor,African-American,Female,1,4,1
36,25 - 45,Misdemeanor,African-American,Female,1,2,0
83,Greater than 45,Misdemeanor,Hispanic,Male,0,1,0
28,25 - 45,Felony,Caucasian,Male,2,6,0
33,25 - 45,Misdemeanor,African-American,Female,0,2,0
39,25 - 45,Felony,African-American,Male,0,2,0
29,25 - 45,Misdemeanor,Other,Male,3,5,0
35,25 - 45,Felony,African-American,Male,7,2,0
24,Less than 25,Felony,African-American,Male,0,3,0
26,25 - 45,Felony,Caucasian,Male,8,4,0
28,25 - 45,Felony,African-American,Male,14,8,1
32,25 - 45,Misdemeanor,African-American,Male,0,2,0
32,25 - 45,Misdemeanor,Caucasian,Female,1,1,1
29,25 - 45,Felony,African-American,Male,16,7,0
43,25 - 45,Misdemeanor,Caucasian,Male,0,1,0
47,Greater than 45,Felony,Caucasian,Male,2,5,0
23,Less than 25,Felony,African-American,Female,1,3,0
39,25 - 45,Misdemeanor,Caucasian,Male,2,2,0
33,25 - 45,Felony,Other,Male,0,2,0
21,Less than 25,Felony,Other,Male,0,7,1
43,25 - 45,Felony,African-American,Male,20,4,0
25,25 - 45,Felony,African-American,Male,3,9,1
48,Greater than 45,Felony,African-American,Male,25,9,1
22,Less than 25,Misdemeanor,African-American,Male,1,9,1
52,Greater than 45,Misdemeanor,African-American,Male,9,2,1
26,25 - 45,Felony,Caucasian,Male,5,3,1
34,25 - 45,Misdemeanor,African-American,Male,4,2,0
56,Greater than 45,Misdemeanor,Caucasian,Male,4,1,0
29,25 - 45,Misdemeanor,African-American,Male,2,5,0
37,25 - 45,Felony,African-American,Male,6,2,1
43,25 - 45,Felony,Other,Male,3,2,0
51,Greater than 45,Felony,Caucasian,Male,0,1,0
21,Less than 25,Felony,African-American,Male,1,7,0
26,25 - 45,Misdemeanor,African-American,Male,4,9,1
48,Greater than 45,Felony,Caucasian,Male,1,1,0
26,25 - 45,Felony,Caucasian,Male,0,3,0
46,Greater than 45,Felony,Caucasian,Male,0,1,0
24,Less than 25,Misdemeanor,African-American,Male,7,7,0
21,Less than 25,Misdemeanor,Caucasian,Female,0,7,0
36,25 - 45,Misdemeanor,African-American,Male,9,2,0
30,25 - 45,Felony,African-American,Male,5,3,1
22,Less than 25,Felony,Caucasian,Female,1,7,0
25,25 - 45,Felony,African-American,Male,0,8,1
24,Less than 25,Felony,African-American,Male,0,5,0
39,25 - 45,Felony,African-American,Male,13,6,1
46,Greater than 45,Felony,Other,Male,0,1,0
30,25 - 45,Felony,African-American,Female,4,3,0
40,25 - 45,Felony,Caucasian,Male,0,1,0
52,Greater than 45,Felony,African-American,Female,0,1,0
23,Less than 25,Felony,African-American,Male,3,10,0
26,25 - 45,Misdemeanor,African-American,Female,1,2,0
42,25 - 45,Felony,Caucasian,Male,3,2,0
28,25 - 45,Felony,African-American,Male,1,2,0
50,Greater than 45,Felony,Caucasian,Male,1,1,0
32,25 - 45,Felony,African-American,Male,1,2,0
51,Greater than 45,Felony,African-American,Male,3,1,0
32,25 - 45,Felony,African-American,Male,4,2,0
29,25 - 45,Felony,African-American,Female,1,4,0
43,25 - 45,Misdemeanor,Hispanic,Male,0,1,0
26,25 - 45,Felony,African-American,Male,9,7,1
27,25 - 45,Misdemeanor,Hispanic,Male,1,2,0
57,Greater than 45,Misdemeanor,Hispanic,Female,1,1,0
32,25 - 45,Felony,African-American,Male,3,2,1
42,25 - 45,Misdemeanor,Caucasian,Female,0,1,0
28,25 - 45,Misdemeanor,Caucasian,Female,3,3,0
53,Greater than 45,Misdemeanor,Caucasian,Female,0,1,0
24,Less than 25,Felony,Caucasian,Male,0,3,0
28,25 - 45,Felony,Hispanic,Male,1,2,0
28,25 - 45,Felony,Hispanic,Male,1,4,0
25,25 - 45,Misdemeanor,African-American,Male,0,4,0
52,Greater than 45,Felony,Caucasian,Male,1,3,0
28,25 - 45,Misdemeanor,African-American,Male,4,3,1
21,Less than 25,Felony,African-American,Male,2,6,1
32,25 - 45,Felony,African-American,Male,19,10,1
63,Greater than 45,Misdemeanor,African-American,Male,3,1,0
29,25 - 45,Felony,Caucasian,Male,2,3,0
46,Greater than 45,Misdemeanor,African-American,Male,0,1,0
27,25 - 45,Felony,African-American,Male,1,3,0
69,Greater than 45,Misdemeanor,Hispanic,Female,0,1,0
47,Greater than 45,Misdemeanor,Hispanic,Male,0,1,0
45,Greater than 45,Felony,Hispanic,Male,1,3,0
33,25 - 45,Misdemeanor,Caucasian,Female,1,1,0
32,25 - 45,Felony,African-American,Male,14,6,1
24,Less than 25,Felony,African-American,Male,2,5,0
47,Greater than 45,Misdemeanor,Hispanic,Male,0,1,0
25,25 - 45,Felony,Caucasian,Male,1,3,0
21,Less than 25,Felony,African-American,Male,1,7,0
22,Less than 25,Felony,African-American,Male,6,5,1
26,25 - 45,Felony,Caucasian,Female,0,6,0
20,Less than 25,Felony,Caucasian,Male,0,6,0
33,25 - 45,Felony,African-American,Male,7,9,1
35,25 - 45,Felony,Caucasian,Male,2,2,0
41,25 - 45,Felony,Caucasian,Male,5,1,0
23,Less than 25,Misdemeanor,Caucasian,Male,0,5,0
54,Greater than 45,Felony,African-American,Male,0,1,0
22,Less than 25,Misdemeanor,Caucasian,Male,0,5,0
30,25 - 45,Misdemeanor,Hispanic,Male,1,2,0
54,Greater than 45,Misdemeanor,African-American,Male,4,4,1
22,Less than 25,Misdemeanor,Caucasian,Male,2,6,1
26,25 - 45,Misdemeanor,African-American,Male,0,3,1
20,Less than 25,Felony,African-American,Female,0,6,0
29,25 - 45,Felony,African-American,Male,0,2,0
23,Less than 25,Misdemeanor,African-American,Female,6,5,0
35,25 - 45,Misdemeanor,African-American,Male,1,1,0
21,Less than 25,Misdemeanor,African-American,Male,1,6,1
25,25 - 45,Felony,Hispanic,Male,0,6,0
30,25 - 45,Felony,African-American,Female,3,4,0
23,Less than 25,Felony,African-American,Male,2,6,1
32,25 - 45,Felony,Caucasian,Male,8,4,0
42,25 - 45,Misdemeanor,Caucasian,Male,0,1,0
22,Less than 25,Misdemeanor,African-American,Female,0,4,0
45,Greater than 45,Felony,Hispanic,Male,2,2,0
29,25 - 45,Misdemeanor,African-American,Male,0,3,0
30,25 - 45,Felony,African-American,Male,6,3,1
51,Greater than 45,Misdemeanor,African-American,Male,17,1,0
24,Less than 25,Felony,Caucasian,Male,2,5,0
23,Less than 25,Misdemeanor,African-American,Male,2,6,0
36,25 - 45,Felony,African-American,Male,5,2,0
69,Greater than 45,Misdemeanor,Hispanic,Male,0,1,0
59,Greater than 45,Misdemeanor,Hispanic,Male,1,1,0
39,25 - 45,Felony,African-American,Male,1,1,0
29,25 - 45,Felony,African-American,Male,2,3,0
44,25 - 45,Felony,Caucasian,Male,6,1,0
25,25 - 45,Felony,African-American,Male,2,6,0
31,25 - 45,Felony,African-American,Male,0,10,0
35,25 - 45,Misdemeanor,African-American,Male,17,2,1
33,25 - 45,Felony,African-American,Male,1,4,0
60,Greater than 45,Felony,Caucasian,Male,1,1,0
53,Greater than 45,Misdemeanor,Hispanic,Male,0,1,0
54,Greater than 45,Felony,African-American,Female,0,1,0
24,Less than 25,Misdemeanor,Caucasian,Male,3,5,0
26,25 - 45,Felony,Hispanic,Male,0,3,0
75,Greater than 45,Felony,African-American,Female,5,1,0
46,Greater than 45,Felony,Caucasian,Male,0,1,0
27,25 - 45,Felony,African-American,Male,1,5,0
59,Greater than 45,Misdemeanor,African-American,Male,2,1,0
39,25 - 45,Felony,Caucasian,Male,1,1,0
46,Greater than 45,Misdemeanor,Caucasian,Male,5,1,0
25,25 - 45,Felony,Other,Male,1,3,0
55,Greater than 45,Felony,Caucasian,Male,2,1,0
43,25 - 45,Misdemeanor,African-American,Male,0,1,1
53,Greater than 45,Misdemeanor,Caucasian,Female,0,1,0
21,Less than 25,Misdemeanor,African-American,Female,0,6,0
40,25 - 45,Felony,African-American,Male,0,1,0
37,25 - 45,Misdemeanor,Caucasian,Female,0,1,0
32,25 - 45,Misdemeanor,African-American,Male,2,2,0
22,Less than 25,Misdemeanor,Hispanic,Male,0,5,0
31,25 - 45,Felony,African-American,Female,0,5,0
47,Greater than 45,Felony,African-American,Male,4,2,0
36,25 - 45,Felony,African-American,Male,2,1,0
38,25 - 45,Felony,Caucasian,Female,0,1,0
35,25 - 45,Felony,Other,Male,0,1,0
53,Greater than 45,Felony,Caucasian,Male,0,1,0
53,Greater than 45,Felony,African-American,Male,2,1,0
57,Greater than 45,Felony,African-American,Male,19,4,0
21,Less than 25,Felony,African-American,Male,0,9,1
27,25 - 45,Felony,African-American,Male,2,4,0
49,Greater than 45,Felony,Caucasian,Female,4,1,0
47,Greater than 45,Felony,Caucasian,Male,1,1,1
44,25 - 45,Felony,Caucasian,Male,3,1,0
34,25 - 45,Felony,African-American,Male,1,1,0
38,25 - 45,Felony,Hispanic,Male,0,5,0
50,Greater than 45,Misdemeanor,Caucasian,Male,2,1,0
29,25 - 45,Misdemeanor,Caucasian,Male,1,4,0
26,25 - 45,Felony,Caucasian,Male,0,4,0
47,Greater than 45,Misdemeanor,Hispanic,Male,0,1,0
49,Greater than 45,Felony,Caucasian,Male,0,1,0
49,Greater than 45,Felony,African-American,Male,1,1,1
59,Greater than 45,Felony,Caucasian,Male,2,1,0
32,25 - 45,Misdemeanor,Caucasian,Male,6,4,0
24,Less than 25,Misdemeanor,African-American,Male,1,4,1
40,25 - 45,Misdemeanor,Hispanic,Male,0,1,0
32,25 - 45,Felony,African-American,Male,0,2,0
54,Greater than 45,Misdemeanor,Hispanic,Female,0,1,0
27,25 - 45,Felony,African-American,Male,9,5,1
25,25 - 45,Misdemeanor,Caucasian,Male,2,4,0
37,25 - 45,Misdemeanor,African-American,Male,18,9,0
23,Less than 25,Felony,African-American,Male,1,6,1
20,Less than 25,Felony,African-American,Female,0,7,0
50,Greater than 45,Felony,Caucasian,Male,8,5,0
50,Greater than 45,Felony,African-American,Male,7,1,0
40,25 - 45,Felony,Caucasian,Male,3,1,0
24,Less than 25,Felony,Caucasian,Female,2,5,0
23,Less than 25,Felony,African-American,Female,3,3,1
25,25 - 45,Misdemeanor,Caucasian,Male,4,7,0
46,Greater than 45,Misdemeanor,Caucasian,Male,1,1,0
25,25 - 45,Felony,Other,Male,1,3,0
22,Less than 25,Misdemeanor,Caucasian,Female,0,4,0
32,25 - 45,Felony,Caucasian,Female,1,1,0
33,25 - 45,Misdemeanor,African-American,Male,4,6,1
24,Less than 25,Felony,African-American,Male,0,3,0
37,25 - 45,Misdemeanor,Caucasian,Male,0,1,0
40,25 - 45,Misdemeanor,Caucasian,Female,0,1,0
43,25 - 45,Felony,African-American,Male,9,2,1
25,25 - 45,Felony,African-American,Male,11,8,1
52,Greater than 45,Felony,African-American,Female,1,1,0
47,Greater than 45,Felony,African-American,Male,5,1,0
52,Greater than 45,Misdemeanor,Caucasian,Female,6,2,0
37,25 - 45,Misdemeanor,Caucasian,Male,0,2,0
24,Less than 25,Felony,African-American,Female,0,5,0
34,25 - 45,Felony,African-American,Female,14,8,0
62,Greater than 45,Misdemeanor,Caucasian,Female,0,1,0
60,Greater than 45,Felony,Caucasian,Female,0,3,0
35,25 - 45,Misdemeanor,Caucasian,Male,0,1,0
24,Less than 25,Felony,African-American,Female,0,5,0
30,25 - 45,Misdemeanor,Caucasian,Male,0,2,0
28,25 - 45,Misdemeanor,Caucasian,Female,0,3,0
56,Greater than 45,Felony,African-American,Male,0,1,0
23,Less than 25,Misdemeanor,Caucasian,Male,1,4,0
35,25 - 45,Felony,African-American,Female,2,2,0
33,25 - 45,Misdemeanor,Caucasian,Male,3,3,0
21,Less than 25,Felony,Hispanic,Male,0,6,0
41,25 - 45,Misdemeanor,African-American,Male,9,5,0
24,Less than 25,Felony,African-American,Male,0,7,0
25,25 - 45,Felony,Native American,Male,7,6,0
49,Greater than 45,Felony,African-American,Male,3,1,0
22,Less than 25,Felony,Hispanic,Female,0,6,0
27,25 - 45,Felony,African-American,Female,3,6,1
50,Greater than 45,Misdemeanor,African-American,Male,4,2,0
23,Less than 25,Misdemeanor,African-American,Female,0,3,0
34,25 - 45,Misdemeanor,Caucasian,Male,0,2,0
25,25 - 45,Misdemeanor,Other,Male,1,6,1
30,25 - 45,Misdemeanor,Hispanic,Male,0,1,0
42,25 - 45,Misdemeanor,Native American,Male,0,1,0
24,Less than 25,Felony,Other,Male,5,5,0
52,Greater than 45,Felony,African-American,Male,3,2,0
26,25 - 45,Misdemeanor,Caucasian,Female,3,3,0
38,25 - 45,Felony,Hispanic,Male,0,1,0
30,25 - 45,Felony,Caucasian,Female,0,2,0
20,Less than 25,Misdemeanor,African-American,Male,0,10,1
24,Less than 25,Felony,Asian,Male,0,4,0
31,25 - 45,Felony,Caucasian,Male,0,5,0
37,25 - 45,Misdemeanor,Caucasian,Female,1,2,0
33,25 - 45,Felony,African-American,Female,1,2,0
42,25 - 45,Misdemeanor,African-American,Male,0,1,0
32,25 - 45,Felony,African-American,Male,4,7,1
28,25 - 45,Felony,African-American,Male,7,6,1
38,25 - 45,Felony,Caucasian,Male,0,2,0
38,25 - 45,Felony,African-American,Male,3,1,0
34,25 - 45,Misdemeanor,African-American,Female,0,2,0
38,25 - 45,Misdemeanor,African-American,Male,1,2,0
36,25 - 45,Felony,Caucasian,Male,0,1,0
32,25 - 45,Misdemeanor,Hispanic,Male,0,2,0
23,Less than 25,Misdemeanor,African-American,Male,0,8,0
47,Greater than 45,Misdemeanor,Caucasian,Male,0,1,0
20,Less than 25,Felony,African-American,Male,0,6,0
35,25 - 45,Misdemeanor,African-American,Male,0,1,0
28,25 - 45,Misdemeanor,Caucasian,Female,1,4,0
22,Less than 25,Felony,African-American,Male,0,9,0
20,Less than 25,Felony,Other,Male,8,8,1
40,25 - 45,Misdemeanor,Hispanic,Male,0,1,0
27,25 - 45,Felony,Other,Male,1,4,0
60,Greater than 45,Felony,African-American,Male,12,1,0
33,25 - 45,Misdemeanor,African-American,Male,6,4,0
24,Less than 25,Misdemeanor,Caucasian,Male,4,4,0
29,25 - 45,Felony,African-American,Male,4,9,1
32,25 - 45,Misdemeanor,Hispanic,Male,0,1,0
32,25 - 45,Felony,African-American,Male,1,3,0
27,25 - 45,Felony,Other,Male,0,2,0
30,25 - 45,Misdemeanor,Caucasian,Male,3,3,0
57,Greater than 45,Misdemeanor,Caucasian,Male,0,2,0
21,Less than 25,Felony,African-American,Male,0,6,0
22,Less than 25,Felony,African-American,Male,0,7,0
58,Greater than 45,Felony,Caucasian,Male,2,2,0
20,Less than 25,Felony,African-American,Male,0,10,1
40,25 - 45,Misdemeanor,Other,Male,0,1,0
45,Greater than 45,Misdemeanor,Caucasian,Female,5,2,0
23,Less than 25,Felony,Hispanic,Male,4,8,0
53,Greater than 45,Misdemeanor,Caucasian,Female,1,1,0
44,25 - 45,Misdemeanor,Caucasian,Male,0,1,0
44,25 - 45,Misdemeanor,Caucasian,Female,1,2,0
28,25 - 45,Misdemeanor,African-American,Male,0,2,0
28,25 - 45,Misdemeanor,Caucasian,Male,2,2,0
28,25 - 45,Felony,African-American,Male,0,3,0
53,Greater than 45,Felony,Caucasian,Male,4,1,0
47,Greater than 45,Felony,Hispanic,Male,1,3,0
20,Less than 25,Felony,African-American,Male,1,5,0
21,Less than 25,Misdemeanor,African-American,Male,0,6,0
60,Greater than 45,Felony,Hispanic,Male,1,1,0
30,25 - 45,Misdemeanor,Caucasian,Male,0,2,0
26,25 - 45,Felony,African-American,Female,5,6,1
21,Less than 25,Felony,Hispanic,Male,0,5,0
39,25 - 45,Felony,African-American,Female,1,1,0
30,25 - 45,Felony,Other,Male,0,2,0
44,25 - 45,Felony,African-American,Male,2,2,0
45,Greater than 45,Misdemeanor,Caucasian,Male,0,2,0
30,25 - 45,Felony,African-American,Male,1,2,0
38,25 - 45,Felony,Asian,Male,2,1,0
46,Greater than 45,Misdemeanor,Asian,Male,0,1,0
42,25 - 45,Felony,African-American,Male,0,1,0
54,Greater than 45,Misdemeanor,Caucasian,Male,4,1,0
29,25 - 45,Misdemeanor,Caucasian,Male,7,7,1
51,Greater than 45,Felony,Caucasian,Male,7,1,1
44,25 - 45,Misdemeanor,African-American,Male,0,1,0
49,Greater than 45,Misdemeanor,Caucasian,Male,12,1,0
27,25 - 45,Misdemeanor,African-American,Male,0,3,0
30,25 - 45,Misdemeanor,Caucasian,Male,0,1,0
28,25 - 45,Misdemeanor,Hispanic,Male,11,7,0
45,Greater than 45,Misdemeanor,Other,Male,0,1,0
51,Greater than 45,Felony,Caucasian,Female,5,2,0
43,25 - 45,Felony,African-American,Male,2,1,0
37,25 - 45,Felony,Caucasian,Male,2,1,0
26,25 - 45,Misdemeanor,African-American,Male,0,3,0
32,25 - 45,Felony,Other,Male,4,2,0
39,25 - 45,Felony,Hispanic,Male,3,1,0
58,Greater than 45,Felony,African-American,Female,4,1,0
33,25 - 45,Misdemeanor,Other,Male,0,3,0
22,Less than 25,Misdemeanor,Caucasian,Female,1,4,0
43,25 - 45,Felony,Caucasian,Male,2,1,0
23,Less than 25,Misdemeanor,African-American,Male,0,6,0
25,25 - 45,Felony,Caucasian,Male,0,4,0
22,Less than 25,Felony,African-American,Male,6,9,0
30,25 - 45,Felony,African-American,Male,6,4,0
25,25 - 45,Felony,African-American,Male,15,7,1
39,25 - 45,Felony,Hispanic,Male,0,1,0
59,Greater than 45,Felony,African-American,Male,1,1,0
21,Less than 25,Felony,Hispanic,Male,1,8,0
34,25 - 45,Misdemeanor,Caucasian,Male,2,2,0
36,25 - 45,Felony,Caucasian,Male,6,2,0
23,Less than 25,Felony,African-American,Male,0,5,0
32,25 - 45,Misdemeanor,African-American,Male,2,5,0
66,Greater than 45,Misdemeanor,Other,Male,0,1,0
24,Less than 25,Misdemeanor,Caucasian,Female,0,4,0
28,25 - 45,Misdemeanor,African-American,Male,1,3,0
43,25 - 45,Felony,Caucasian,Male,4,2,1
35,25 - 45,Misdemeanor,African-American,Male,3,2,0
22,Less than 25,Misdemeanor,African-American,Male,1,7,1
29,25 - 45,Felony,African-American,Male,0,2,0
23,Less than 25,Misdemeanor,African-American,Female,0,5,0
33,25 - 45,Misdemeanor,Caucasian,Female,0,1,0
35,25 - 45,Misdemeanor,African-American,Male,1,2,0
53,Greater than 45,Felony,Caucasian,Male,0,1,0
48,Greater than 45,Misdemeanor,Caucasian,Female,0,1,0
33,25 - 45,Felony,African-American,Female,1,1,0
44,25 - 45,Misdemeanor,Caucasian,Male,0,1,0
51,Greater than 45,Felony,Hispanic,Male,1,1,0
21,Less than 25,Felony,Hispanic,Male,0,6,0
26,25 - 45,Felony,Caucasian,Male,0,4,0
22,Less than 25,Felony,African-American,Male,3,10,0
29,25 - 45,Misdemeanor,African-American,Male,0,3,0
44,25 - 45,Misdemeanor,Caucasian,Male,0,1,0
41,25 - 45,Felony,African-American,Male,2,3,0
28,25 - 45,Felony,African-American,Female,4,3,0
31,25 - 45,Misdemeanor,Caucasian,Male,7,2,0
20,Less than 25,Felony,African-American,Male,0,7,0
36,25 - 45,Felony,African-American,Male,0,2,0
23,Less than 25,Misdemeanor,African-American,Male,1,9,0
59,Greater than 45,Felony,Caucasian,Female,1,1,0
37,25 - 45,Felony,Caucasian,Male,0,1,1
31,25 - 45,Felony,African-American,Male,0,4,0
38,25 - 45,Felony,African-American,Female,14,3,1
27,25 - 45,Felony,African-American,Male,3,6,1
42,25 - 45,Felony,African-American,Female,2,1,0
22,Less than 25,Felony,African-American,Male,3,5,1
21,Less than 25,Felony,Other,Male,0,8,0
52,Greater than 45,Misdemeanor,Caucasian,Male,2,1,0
29,25 - 45,Misdemeanor,Caucasian,Male,0,3,0
37,25 - 45,Misdemeanor,African-American,Female,0,3,0
34,25 - 45,Felony,Caucasian,Male,0,1,0
53,Greater than 45,Misdemeanor,African-American,Male,0,1,1
35,25 - 45,Misdemeanor,Hispanic,Male,0,2,0
28,25 - 45,Felony,Caucasian,Male,1,2,0
21,Less than 25,Felony,African-American,Male,1,9,0
22,Less than 25,Felony,African-American,Male,1,6,0
42,25 - 45,Misdemeanor,Caucasian,Male,1,2,1
54,Greater than 45,Misdemeanor,African-American,Male,9,1,0
39,25 - 45,Felony,Other,Male,1,1,1
41,25 - 45,Misdemeanor,African-American,Male,0,1,0
43,25 - 45,Felony,Caucasian,Male,1,1,1
22,Less than 25,Misdemeanor,African-American,Male,0,5,1
42,25 - 45,Misdemeanor,African-American,Female,2,1,0
49,Greater than 45,Misdemeanor,African-American,Male,4,1,0
52,Greater than 45,Felony,Caucasian,Male,1,1,0
60,Greater than 45,Felony,Caucasian,Female,2,1,0
23,Less than 25,Misdemeanor,African-American,Female,0,6,0
30,25 - 45,Misdemeanor,African-American,Male,2,6,0
32,25 - 45,Felony,African-American,Male,2,5,1
22,Less than 25,Felony,African-American,Male,3,8,1
44,25 - 45,Felony,African-American,Male,2,1,0
32,25 - 45,Felony,Caucasian,Male,3,4,0
27,25 - 45,Misdemeanor,African-American,Female,1,2,0
61,Greater than 45,Misdemeanor,Caucasian,Male,3,1,1
69,Greater than 45,Misdemeanor,African-American,Male,3,2,0
51,Greater than 45,Felony,Other,Male,2,1,0
21,Less than 25,Felony,Caucasian,Female,1,6,0
24,Less than 25,Misdemeanor,African-American,Male,12,9,1
57,Greater than 45,Felony,Hispanic,Male,3,1,0
30,25 - 45,Felony,Caucasian,Male,6,8,0
24,Less than 25,Felony,African-American,Male,4,4,0
30,25 - 45,Misdemeanor,Caucasian,Female,7,3,0
56,Greater than 45,Felony,Caucasian,Female,1,3,0
21,Less than 25,Felony,African-American,Male,1,8,0
31,25 - 45,Felony,African-American,Male,6,6,1
23,Less than 25,Felony,African-American,Female,1,8,0
42,25 - 45,Misdemeanor,Other,Male,1,1,0
64,Greater than 45,Felony,Caucasian,Male,0,2,0
21,Less than 25,Felony,Caucasian,Female,0,6,1
36,25 - 45,Felony,African-American,Male,5,2,0
50,Greater than 45,Felony,African-American,Female,1,1,0
28,25 - 45,Felony,Native American,Male,2,4,0
25,25 - 45,Felony,Caucasian,Female,5,4,0
54,Greater than 45,Misdemeanor,Caucasian,Male,14,3,1
37,25 - 45,Misdemeanor,Other,Male,6,2,0
25,25 - 45,Misdemeanor,Caucasian,Male,5,8,1
35,25 - 45,Misdemeanor,African-American,Male,2,4,0
25,25 - 45,Misdemeanor,African-American,Male,8,10,1
33,25 - 45,Misdemeanor,Caucasian,Male,0,1,0
29,25 - 45,Felony,African-American,Male,7,4,0
27,25 - 45,Misdemeanor,Hispanic,Male,2,3,0
20,Less than 25,Misdemeanor,Caucasian,Female,3,8,1
72,Greater than 45,Misdemeanor,Caucasian,Male,1,1,0
38,25 - 45,Felony,Caucasian,Male,0,1,0
40,25 - 45,Felony,Caucasian,Male,0,1,0
23,Less than 25,Felony,Caucasian,Male,0,4,0
21,Less than 25,Felony,Caucasian,Male,5,8,1
41,25 - 45,Misdemeanor,Caucasian,Female,0,1,0
56,Greater than 45,Misdemeanor,Caucasian,Male,1,1,0
55,Greater than 45,Misdemeanor,Caucasian,Male,11,3,0
28,25 - 45,Felony,African-American,Male,3,2,0
31,25 - 45,Felony,Other,Male,2,4,1
53,Greater than 45,Misdemeanor,Caucasian,Male,0,1,0
33,25 - 45,Misdemeanor,African-American,Male,7,7,1
34,25 - 45,Felony,African-American,Male,15,7,0
32,25 - 45,Felony,African-American,Male,12,6,0
24,Less than 25,Misdemeanor,Asian,Male,0,3,0
56,Greater than 45,Felony,Caucasian,Male,0,1,0
36,25 - 45,Felony,Hispanic,Male,1,4,1
28,25 - 45,Felony,African-American,Male,4,5,1
59,Greater than 45,Misdemeanor,Hispanic,Male,0,1,0
29,25 - 45,Felony,African-American,Female,11,5,0
72,Greater than 45,Felony,Caucasian,Male,3,1,0
45,Greater than 45,Felony,African-American,Male,3,1,0
45,Greater than 45,Misdemeanor,African-American,Male,0,1,0
47,Greater than 45,Misdemeanor,Caucasian,Male,0,1,0
41,25 - 45,Felony,Caucasian,Male,5,1,0
49,Greater than 45,Felony,Caucasian,Male,1,1,0
26,25 - 45,Misdemeanor,Hispanic,Male,0,2,0
28,25 - 45,Misdemeanor,African-American,Female,0,3,0
33,25 - 45,Misdemeanor,Caucasian,Male,2,2,0
46,Greater than 45,Felony,African-American,Male,0,4,0
21,Less than 25,Misdemeanor,African-American,Male,0,6,0
29,25 - 45,Felony,Other,Male,0,2,0
21,Less than 25,Felony,Caucasian,Male,0,10,1
26,25 - 45,Felony,Other,Male,0,5,0
34,25 - 45,Misdemeanor,African-American,Male,3,1,0
22,Less than 25,Felony,African-American,Male,0,5,0
57,Greater than 45,Misdemeanor,Caucasian,Female,0,1,0
56,Greater than 45,Felony,Caucasian,Female,1,1,0
30,25 - 45,Felony,African-American,Male,11,3,0
29,25 - 45,Misdemeanor,African-American,Male,2,1,0
24,Less than 25,Felony,African-American,Female,0,4,0
70,Greater than 45,Felony,African-American,Female,1,1,0
45,Greater than 45,Misdemeanor,Caucasian,Female,1,1,0
33,25 - 45,Misdemeanor,Hispanic,Female,2,2,0
39,25 - 45,Felony,African-American,Female,6,2,0
25,25 - 45,Felony,Caucasian,Male,6,3,0
48,Greater than 45,Misdemeanor,Hispanic,Male,1,1,0
46,Greater than 45,Felony,Caucasian,Male,0,1,0
28,25 - 45,Misdemeanor,Caucasian,Male,0,3,1
27,25 - 45,Felony,African-American,Male,1,2,0
43,25 - 45,Felony,Caucasian,Male,11,4,1
29,25 - 45,Felony,Caucasian,Male,1,2,0
20,Less than 25,Felony,Caucasian,Female,0,6,0
29,25 - 45,Felony,African-American,Male,0,2,0
67,Greater than 45,Misdemeanor,Asian,Male,0,1,0
25,25 - 45,Felony,Other,Male,0,3,0
24,Less than 25,Felony,African-American,Male,8,9,1
29,25 - 45,Felony,Other,Male,3,2,0
45,Greater than 45,Misdemeanor,African-American,Male,2,2,0
61,Greater than 45,Misdemeanor,Caucasian,Male,0,1,0
32,25 - 45,Felony,Other,Male,1,1,0
43,25 - 45,Felony,Caucasian,Male,9,1,0
32,25 - 45,Misdemeanor,Other,Male,0,1,0
36,25 - 45,Felony,African-American,Male,0,2,0
57,Greater than 45,Felony,African-American,Male,12,6,0
37,25 - 45,Felony,African-American,Male,2,6,0
44,25 - 45,Felony,African-American,Male,6,2,0
45,Greater than 45,Felony,African-American,Male,8,4,1
48,Greater than 45,Felony,Other,Male,1,1,0
25,25 - 45,Felony,African-American,Male,0,4,0
43,25 - 45,Felony,African-American,Male,1,1,0
30,25 - 45,Misdemeanor,African-American,Male,0,1,0
50,Greater than 45,Misdemeanor,Caucasian,Male,0,1,0
31,25 - 45,Felony,African-American,Female,2,2,0
33,25 - 45,Misdemeanor,Caucasian,Female,7,2,0
32,25 - 45,Felony,African-American,Male,1,5,1
22,Less than 25,Felony,Hispanic,Male,0,7,0
21,Less than 25,Felony,Caucasian,Male,0,7,0
52,Greater than 45,Felony,Other,Male,2,1,0
49,Greater than 45,Misdemeanor,Caucasian,Male,2,1,0
22,Less than 25,Felony,African-American,Male,0,4,0
45,Greater than 45,Felony,Hispanic,Male,0,1,0
28,25 - 45,Misdemeanor,African-American,Male,5,2,0
21,Less than 25,Felony,African-American,Male,1,8,1
37,25 - 45,Misdemeanor,Hispanic,Male,2,3,0
28,25 - 45,Felony,African-American,Male,11,5,0
24,Less than 25,Felony,African-American,Male,1,6,0
32,25 - 45,Felony,African-American,Male,24,6,1
24,Less than 25,Felony,African-American,Female,1,4,0
57,Greater than 45,Felony,African-American,Male,19,1,0
21,Less than 25,Misdemeanor,Other,Male,0,7,0
28,25 - 45,Felony,Caucasian,Male,0,2,0
51,Greater than 45,Misdemeanor,Caucasian,Male,0,1,0
25,25 - 45,Misdemeanor,African-American,Male,6,5,0
19,Less than 25,Misdemeanor,Caucasian,Male,0,9,1
57,Greater than 45,Misdemeanor,African-American,Male,27,9,0
27,25 - 45,Misdemeanor,African-American,Female,0,3,0
66,Greater than 45,Misdemeanor,Caucasian,Male,1,1,0
21,Less than 25,Felony,Caucasian,Male,0,6,0
45,Greater than 45,Felony,Caucasian,Male,1,1,0
37,25 - 45,Felony,African-American,Male,24,4,0
64,Greater than 45,Felony,African-American,Male,0,1,0
30,25 - 45,Felony,African-American,Male,1,4,1
61,Greater than 45,Misdemeanor,African-American,Male,1,1,0
49,Greater than 45,Felony,Caucasian,Female,8,1,0
23,Less than 25,Felony,African-American,Male,0,5,0
21,Less than 25,Felony,Caucasian,Male,0,6,1
26,25 - 45,Misdemeanor,Hispanic,Male,7,4,0
27,25 - 45,Misdemeanor,African-American,Male,2,4,0
38,25 - 45,Misdemeanor,Caucasian,Male,1,3,0
26,25 - 45,Misdemeanor,Caucasian,Male,0,3,0
23,Less than 25,Felony,Caucasian,Male,2,6,0
36,25 - 45,Misdemeanor,African-American,Female,0,1,0
58,Greater than 45,Felony,Caucasian,Male,1,1,0
35,25 - 45,Felony,Caucasian,Female,4,4,0
23,Less than 25,Felony,African-American,Male,3,5,0
40,25 - 45,Felony,Caucasian,Male,1,1,0
31,25 - 45,Felony,Hispanic,Male,3,3,0
34,25 - 45,Felony,Hispanic,Female,5,2,0
26,25 - 45,Felony,African-American,Female,3,3,0
49,Greater than 45,Felony,African-American,Male,1,1,0
47,Greater than 45,Misdemeanor,Hispanic,Female,0,1,0
47,Greater than 45,Felony,African-American,Male,6,1,0
27,25 - 45,Felony,African-American,Male,10,8,0
52,Greater than 45,Misdemeanor,Caucasian,Female,0,1,0
25,25 - 45,Felony,African-American,Male,9,4,0
51,Greater than 45,Felony,African-American,Male,1,2,0
29,25 - 45,Misdemeanor,African-American,Female,1,2,0
46,Greater than 45,Felony,Caucasian,Male,0,1,0
28,25 - 45,Felony,Caucasian,Male,6,3,0
57,Greater than 45,Felony,African-American,Male,0,1,0
23,Less than 25,Felony,Hispanic,Male,2,5,0
27,25 - 45,Felony,African-American,Male,3,2,0
31,25 - 45,Felony,Caucasian,Male,1,2,1
37,25 - 45,Felony,African-American,Male,8,1,0
51,Greater than 45,Felony,African-American,Male,0,1,1
28,25 - 45,Felony,African-American,Male,8,6,0
56,Greater than 45,Felony,Caucasian,Male,4,1,0
26,25 - 45,Felony,Caucasian,Male,7,4,1
33,25 - 45,Felony,Caucasian,Male,7,2,1
23,Less than 25,Misdemeanor,Caucasian,Male,0,3,0
31,25 - 45,Misdemeanor,African-American,Male,0,2,0
31,25 - 45,Misdemeanor,Other,Male,0,3,0
19,Less than 25,Felony,Hispanic,Male,1,10,0
32,25 - 45,Felony,Caucasian,Male,0,1,0
66,Greater than 45,Felony,Caucasian,Male,1,1,0
40,25 - 45,Felony,African-American,Female,0,1,0
59,Greater than 45,Misdemeanor,African-American,Male,4,2,0
27,25 - 45,Misdemeanor,African-American,Male,3,3,0
22,Less than 25,Felony,African-American,Male,0,6,0
58,Greater than 45,Felony,Caucasian,Male,1,1,0
29,25 - 45,Felony,Caucasian,Male,2,2,0
27,25 - 45,Felony,African-American,Male,0,7,1
24,Less than 25,Felony,Caucasian,Male,0,4,0
35,25 - 45,Felony,Caucasian,Female,3,2,0
30,25 - 45,Felony,African-American,Male,5,6,1
23,Less than 25,Felony,African-American,Male,1,4,0
32,25 - 45,Felony,Caucasian,Male,2,1,1
22,Less than 25,Felony,Caucasian,Male,2,5,0
21,Less than 25,Misdemeanor,African-American,Male,0,5,0
43,25 - 45,Misdemeanor,Caucasian,Female,0,1,0
29,25 - 45,Felony,African-American,Male,0,4,0
43,25 - 45,Felony,African-American,Male,1,3,0
25,25 - 45,Felony,African-American,Male,1,3,0
47,Greater than 45,Misdemeanor,Caucasian,Male,0,1,0
21,Less than 25,Felony,African-American,Female,0,6,0
54,Greater than 45,Misdemeanor,Caucasian,Male,0,1,0
34,25 - 45,Felony,African-American,Male,3,1,1
28,25 - 45,Misdemeanor,African-American,Female,2,2,0
54,Greater than 45,Misdemeanor,African-American,Male,0,1,0
34,25 - 45,Felony,African-American,Male,2,1,0
22,Less than 25,Felony,African-American,Male,0,5,0
51,Greater than 45,Felony,African-American,Male,3,4,0
28,25 - 45,Misdemeanor,African-American,Male,5,5,0
43,25 - 45,Misdemeanor,Caucasian,Male,4,4,0
45,Greater than 45,Misdemeanor,Hispanic,Male,1,3,0
41,25 - 45,Misdemeanor,Hispanic,Male,1,1,0
25,25 - 45,Felony,Other,Male,24,6,1
35,25 - 45,Felony,Hispanic,Male,12,6,0
24,Less than 25,Misdemeanor,Asian,Male,0,4,0
28,25 - 45,Felony,Hispanic,Male,0,4,0
29,25 - 45,Felony,African-American,Male,13,10,1
26,25 - 45,Felony,African-American,Male,9,7,1
31,25 - 45,Misdemeanor,Other,Male,0,1,0
28,25 - 45,Felony,Caucasian,Male,0,3,0
44,25 - 45,Misdemeanor,Caucasian,Male,0,1,0
42,25 - 45,Misdemeanor,African-American,Male,7,3,0
39,25 - 45,Felony,African-American,Male,5,4,0
46,Greater than 45,Felony,Hispanic,Female,2,1,0
55,Greater than 45,Misdemeanor,Caucasian,Male,0,3,0
31,25 - 45,Misdemeanor,Caucasian,Female,0,5,0
25,25 - 45,Felony,African-American,Male,0,4,0
32,25 - 45,Misdemeanor,Caucasian,Male,6,4,0
36,25 - 45,Felony,African-American,Male,2,4,0
39,25 - 45,Misdemeanor,Caucasian,Male,2,2,0
26,25 - 45,Misdemeanor,African-American,Female,0,2,0
22,Less than 25,Felony,Other,Female,0,5,0
37,25 - 45,Misdemeanor,Caucasian,Male,3,1,0
41,25 - 45,Misdemeanor,Caucasian,Male,9,2,0
25,25 - 45,Misdemeanor,African-American,Male,1,3,0
58,Greater than 45,Misdemeanor,Caucasian,Male,0,1,0
44,25 - 45,Misdemeanor,African-American,Male,19,6,1
28,25 - 45,Felony,African-American,Male,1,5,0
54,Greater than 45,Felony,Caucasian,Male,0,1,0
43,25 - 45,Misdemeanor,Caucasian,Male,0,1,0
31,25 - 45,Misdemeanor,African-American,Male,5,10,0
30,25 - 45,Felony,African-American,Male,11,9,0
24,Less than 25,Misdemeanor,African-American,Male,0,4,0
43,25 - 45,Misdemeanor,Caucasian,Male,0,1,0
24,Less than 25,Felony,Hispanic,Male,11,8,1
23,Less than 25,Felony,African-American,Male,0,4,0
27,25 - 45,Felony,Caucasian,Male,1,7,0
66,Greater than 45,Misdemeanor,Caucasian,Male,0,1,0
36,25 - 45,Felony,Caucasian,Female,3,1,0
22,Less than 25,Misdemeanor,African-American,Female,0,5,1
25,25 - 45,Felony,Hispanic,Male,1,3,0
56,Greater than 45,Felony,African-American,Male,4,1,0
58,Greater than 45,Misdemeanor,African-American,Female,3,1,0
24,Less than 25,Misdemeanor,Caucasian,Male,3,6,0
22,Less than 25,Felony,African-American,Male,0,6,1
39,25 - 45,Misdemeanor,Caucasian,Male,0,1,0
23,Less than 25,Misdemeanor,Caucasian,Male,0,9,1
39,25 - 45,Felony,Other,Male,6,1,0
25,25 - 45,Felony,African-American,Male,0,6,0
26,25 - 45,Felony,African-American,Male,6,6,0
25,25 - 45,Felony,African-American,Male,2,8,0
36,25 - 45,Felony,African-American,Male,0,1,0
35,25 - 45,Felony,African-American,Male,7,2,1
22,Less than 25,Felony,African-American,Male,2,6,1
25,25 - 45,Felony,Caucasian,Male,0,3,0
36,25 - 45,Misdemeanor,Hispanic,Male,0,1,0
24,Less than 25,Misdemeanor,African-American,Male,2,7,1
29,25 - 45,Misdemeanor,Caucasian,Male,0,1,0
50,Greater than 45,Felony,Caucasian,Male,8,2,0
27,25 - 45,Misdemeanor,African-American,Male,0,2,0
21,Less than 25,Misdemeanor,Hispanic,Male,1,5,1
58,Greater than 45,Felony,African-American,Male,1,1,0
27,25 - 45,Felony,African-American,Male,4,5,0
31,25 - 45,Misdemeanor,Caucasian,Female,0,2,0
24,Less than 25,Misdemeanor,African-American,Male,3,7,0
43,25 - 45,Misdemeanor,Caucasian,Male,0,1,0
23,Less than 25,Felony,African-American,Male,0,6,0
42,25 - 45,Misdemeanor,Caucasian,Male,0,1,0
30,25 - 45,Misdemeanor,African-American,Male,18,8,0
29,25 - 45,Felony,African-American,Male,1,7,0
26,25 - 45,Misdemeanor,Caucasian,Male,3,4,0
51,Greater than 45,Misdemeanor,African-American,Male,5,5,0
36,25 - 45,Misdemeanor,Other,Male,0,1,0
62,Greater than 45,Misdemeanor,Hispanic,Male,0,1,0
35,25 - 45,Misdemeanor,African-American,Male,1,1,0
22,Less than 25,Felony,Caucasian,Male,0,5,0
40,25 - 45,Felony,African-American,Male,0,1,0
36,25 - 45,Felony,African-American,Male,2,1,0
69,Greater than 45,Misdemeanor,Caucasian,Male,0,1,0
27,25 - 45,Felony,African-American,Male,1,3,0
27,25 - 45,Felony,African-American,Male,1,2,0
24,Less than 25,Misdemeanor,African-American,Female,6,7,0
42,25 - 45,Felony,Caucasian,Male,0,1,0
25,25 - 45,Felony,Caucasian,Male,1,2,0
25,25 - 45,Felony,African-American,Male,0,4,0
22,Less than 25,Felony,African-American,Male,0,5,0
21,Less than 25,Felony,Caucasian,Male,0,7,0
30,25 - 45,Misdemeanor,African-American,Male,1,3,0
46,Greater than 45,Misdemeanor,Caucasian,Male,9,2,0
26,25 - 45,Misdemeanor,African-American,Male,2,7,0
40,25 - 45,Misdemeanor,African-American,Male,1,2,0
34,25 - 45,Felony,Caucasian,Male,0,3,0
28,25 - 45,Misdemeanor,Hispanic,Male,3,5,0
59,Greater than 45,Misdemeanor,Caucasian,Male,3,1,1
37,25 - 45,Felony,Native American,Male,0,1,0
50,Greater than 45,Felony,African-American,Male,0,1,0
57,Greater than 45,Felony,African-American,Male,8,2,1
31,25 - 45,Misdemeanor,African-American,Male,5,5,0
44,25 - 45,Felony,African-American,Male,9,6,0
25,25 - 45,Felony,Caucasian,Female,0,3,0
51,Greater than 45,Misdemeanor,African-American,Male,5,3,0
57,Greater than 45,Felony,Caucasian,Male,2,1,0
55,Greater than 45,Misdemeanor,Caucasian,Male,0,1,0
42,25 - 45,Felony,African-American,Female,0,1,0
21,Less than 25,Felony,Other,Male,0,5,0
24,Less than 25,Misdemeanor,Hispanic,Female,0,4,0
42,25 - 45,Felony,African-American,Male,1,2,0
21,Less than 25,Felony,African-American,Male,1,6,0
58,Greater than 45,Misdemeanor,Caucasian,Male,0,1,0
46,Greater than 45,Felony,African-American,Male,2,4,0
35,25 - 45,Misdemeanor,African-American,Male,4,6,0
42,25 - 45,Felony,African-American,Male,2,4,0
32,25 - 45,Felony,African-American,Male,8,2,0
31,25 - 45,Felony,Other,Male,5,4,0
33,25 - 45,Misdemeanor,African-American,Female,1,2,0
25,25 - 45,Felony,Caucasian,Male,4,4,0
33,25 - 45,Misdemeanor,African-American,Female,0,1,0
21,Less than 25,Felony,Hispanic,Male,1,9,0
56,Greater than 45,Felony,African-American,Male,1,1,0
38,25 - 45,Misdemeanor,Caucasian,Male,0,1,1
40,25 - 45,Misdemeanor,African-American,Female,4,1,0
28,25 - 45,Felony,African-American,Male,4,3,0
51,Greater than 45,Misdemeanor,African-American,Male,0,1,0
35,25 - 45,Misdemeanor,African-American,Male,2,2,0
61,Greater than 45,Felony,African-American,Male,5,1,0
25,25 - 45,Felony,African-American,Male,0,4,0
26,25 - 45,Misdemeanor,African-American,Male,0,4,0
42,25 - 45,Misdemeanor,Caucasian,Male,1,1,0
25,25 - 45,Felony,African-American,Female,1,4,0
31,25 - 45,Felony,African-American,Male,9,3,0
35,25 - 45,Felony,Caucasian,Male,1,1,0
34,25 - 45,Felony,Caucasian,Male,0,1,0
33,25 - 45,Misdemeanor,Caucasian,Female,1,2,0
30,25 - 45,Felony,African-American,Male,3,2,0
50,Greater than 45,Misdemeanor,African-American,Female,7,1,0
21,Less than 25,Felony,African-American,Male,0,7,0
23,Less than 25,Misdemeanor,African-American,Female,0,4,0
25,25 - 45,Felony,African-American,Male,1,6,0
24,Less than 25,Felony,Caucasian,Female,1,4,0
60,Greater than 45,Felony,African-American,Male,0,1,0
30,25 - 45,Felony,African-American,Male,2,3,0
32,25 - 45,Misdemeanor,Other,Female,0,1,0
46,Greater than 45,Misdemeanor,Caucasian,Male,0,1,0
21,Less than 25,Misdemeanor,Caucasian,Male,0,5,1
35,25 - 45,Felony,African-American,Male,0,2,0
28,25 - 45,Misdemeanor,African-American,Male,2,3,0
46,Greater than 45,Misdemeanor,Caucasian,Male,2,1,0
56,Greater than 45,Felony,African-American,Male,1,1,0
24,Less than 25,Misdemeanor,African-American,Male,1,6,1
33,25 - 45,Misdemeanor,Caucasian,Female,0,1,0
48,Greater than 45,Misdemeanor,Caucasian,Male,2,5,0
25,25 - 45,Felony,Hispanic,Male,0,5,0
37,25 - 45,Felony,Hispanic,Male,0,2,1
43,25 - 45,Felony,Caucasian,Female,7,4,0
32,25 - 45,Felony,Caucasian,Male,0,2,0
33,25 - 45,Felony,Other,Male,3,2,0
49,Greater than 45,Felony,Caucasian,Male,4,2,0
24,Less than 25,Felony,Caucasian,Male,0,5,0
26,25 - 45,Felony,African-American,Male,1,8,0
42,25 - 45,Felony,Caucasian,Male,0,1,0
36,25 - 45,Felony,Hispanic,Male,0,1,0
29,25 - 45,Misdemeanor,Caucasian,Male,7,6,1
39,25 - 45,Misdemeanor,Caucasian,Male,0,3,0
53,Greater than 45,Misdemeanor,Caucasian,Male,0,1,0
21,Less than 25,Felony,Other,Male,0,8,1
41,25 - 45,Felony,African-American,Male,4,2,0
22,Less than 25,Felony,Caucasian,Male,5,6,1
22,Less than 25,Felony,Caucasian,Male,0,6,1
25,25 - 45,Felony,African-American,Male,2,3,0
51,Greater than 45,Felony,Other,Male,2,1,0
24,Less than 25,Felony,African-American,Male,0,5,0
37,25 - 45,Felony,African-American,Male,4,2,0
37,25 - 45,Misdemeanor,Caucasian,Male,0,1,0
27,25 - 45,Misdemeanor,Other,Female,0,2,0
21,Less than 25,Felony,Other,Male,0,6,0
35,25 - 45,Felony,African-American,Male,1,1,1
24,Less than 25,Felony,Caucasian,Female,0,5,0
49,Greater than 45,Misdemeanor,Caucasian,Male,2,1,0
38,25 - 45,Felony,African-American,Male,9,8,0
61,Greater than 45,Misdemeanor,Other,Male,0,1,0
30,25 - 45,Misdemeanor,African-American,Female,0,2,0
22,Less than 25,Felony,African-American,Male,3,5,0
52,Greater than 45,Misdemeanor,Caucasian,Male,0,1,0
26,25 - 45,Felony,Caucasian,Male,0,3,0
26,25 - 45,Misdemeanor,Other,Male,0,2,0
29,25 - 45,Felony,African-American,Male,4,9,0
26,25 - 45,Felony,Caucasian,Male,2,6,0
46,Greater than 45,Felony,African-American,Female,4,3,0
46,Greater than 45,Felony,African-American,Female,0,1,0
29,25 - 45,Felony,African-American,Male,12,7,1
41,25 - 45,Misdemeanor,Caucasian,Male,0,1,0
25,25 - 45,Felony,African-American,Female,5,3,0
23,Less than 25,Felony,African-American,Male,2,5,0
30,25 - 45,Misdemeanor,Caucasian,Male,0,2,0
34,25 - 45,Felony,Caucasian,Male,1,4,0
52,Greater than 45,Felony,Caucasian,Male,2,1,0
51,Greater than 45,Misdemeanor,African-American,Male,4,2,0
49,Greater than 45,Felony,Caucasian,Female,1,1,0
47,Greater than 45,Felony,Caucasian,Female,0,1,0
27,25 - 45,Misdemeanor,African-American,Male,0,3,0
21,Less than 25,Felony,African-American,Male,0,6,0
30,25 - 45,Felony,Caucasian,Male,3,4,1
70,Greater than 45,Misdemeanor,Caucasian,Male,0,1,0
38,25 - 45,Felony,African-American,Male,15,5,0
29,25 - 45,Felony,African-American,Male,0,2,0
38,25 - 45,Felony,Hispanic,Male,3,1,0
27,25 - 45,Felony,Caucasian,Female,0,2,0
44,25 - 45,Misdemeanor,Hispanic,Male,0,1,0
31,25 - 45,Misdemeanor,Caucasian,Male,6,5,0
30,25 - 45,Misdemeanor,African-American,Female,0,2,0
40,25 - 45,Felony,African-American,Male,3,1,0
33,25 - 45,Misdemeanor,Caucasian,Male,1,2,0
31,25 - 45,Misdemeanor,Hispanic,Male,1,5,0
61,Greater than 45,Misdemeanor,Caucasian,Male,1,1,0
30,25 - 45,Felony,Caucasian,Male,2,3,0
62,Greater than 45,Misdemeanor,Caucasian,Male,0,1,0
48,Greater than 45,Felony,Caucasian,Male,9,1,0
40,25 - 45,Felony,Caucasian,Female,0,1,0
24,Less than 25,Felony,Caucasian,Male,0,5,0
63,Greater than 45,Misdemeanor,Caucasian,Male,0,1,0
33,25 - 45,Felony,African-American,Male,4,9,0
51,Greater than 45,Felony,African-American,Male,1,1,0
39,25 - 45,Felony,Caucasian,Male,3,1,1
22,Less than 25,Misdemeanor,African-American,Male,0,5,0
59,Greater than 45,Felony,Caucasian,Male,0,1,0
38,25 - 45,Misdemeanor,African-American,Male,37,2,1
23,Less than 25,Felony,African-American,Male,2,5,0
38,25 - 45,Felony,African-American,Male,2,3,1
34,25 - 45,Felony,Caucasian,Female,2,2,0
31,25 - 45,Felony,African-American,Male,1,2,0
43,25 - 45,Felony,African-American,Male,0,1,0
40,25 - 45,Felony,African-American,Male,1,1,0
22,Less than 25,Felony,African-American,Male,0,5,0
40,25 - 45,Felony,Other,Female,0,1,0
45,Greater than 45,Felony,African-American,Female,1,2,0
21,Less than 25,Felony,Caucasian,Male,1,9,0
35,25 - 45,Felony,Caucasian,Male,6,4,1
52,Greater than 45,Misdemeanor,African-American,Male,1,1,1
48,Greater than 45,Misdemeanor,Caucasian,Male,0,1,0
48,Greater than 45,Misdemeanor,Caucasian,Male,0,1,0
47,Greater than 45,Misdemeanor,African-American,Male,0,3,0
35,25 - 45,Felony,African-American,Male,13,5,0
52,Greater than 45,Felony,African-American,Male,2,1,0
21,Less than 25,Misdemeanor,Caucasian,Male,0,9,1
53,Greater than 45,Misdemeanor,Caucasian,Male,1,1,0
22,Less than 25,Misdemeanor,African-American,Male,0,8,0
45,Greater than 45,Felony,African-American,Male,1,1,0
27,25 - 45,Felony,Caucasian,Female,0,2,0
25,25 - 45,Misdemeanor,Caucasian,Male,0,3,0
28,25 - 45,Felony,Caucasian,Male,3,2,0
36,25 - 45,Misdemeanor,African-American,Male,3,2,1
42,25 - 45,Felony,African-American,Male,1,1,0
33,25 - 45,Felony,Caucasian,Female,2,1,0
42,25 - 45,Misdemeanor,Caucasian,Female,0,1,0
28,25 - 45,Misdemeanor,African-American,Female,0,2,0
27,25 - 45,Felony,African-American,Male,25,9,1
21,Less than 25,Felony,Caucasian,Female,0,7,0
36,25 - 45,Felony,Caucasian,Male,0,1,0
28,25 - 45,Misdemeanor,Caucasian,Male,1,4,0
34,25 - 45,Felony,African-American,Male,3,2,0
25,25 - 45,Felony,African-American,Female,1,3,0
21,Less than 25,Misdemeanor,African-American,Male,1,8,0
48,Greater than 45,Felony,African-American,Male,1,1,0
37,25 - 45,Misdemeanor,Caucasian,Male,1,3,0
37,25 - 45,Misdemeanor,Caucasian,Male,1,1,1
39,25 - 45,Felony,Caucasian,Male,1,4,0
49,Greater than 45,Felony,Other,Male,2,1,0
43,25 - 45,Felony,Caucasian,Male,5,6,0
53,Greater than 45,Misdemeanor,African-American,Male,1,2,0
39,25 - 45,Misdemeanor,Caucasian,Male,0,1,0
36,25 - 45,Felony,Caucasian,Male,2,1,0
24,Less than 25,Felony,African-American,Female,1,5,0
35,25 - 45,Misdemeanor,Hispanic,Male,0,1,0
23,Less than 25,Felony,African-American,Male,3,5,0
26,25 - 45,Felony,African-American,Male,2,3,0
30,25 - 45,Felony,African-American,Female,14,7,1
25,25 - 45,Misdemeanor,Caucasian,Male,2,6,0
26,25 - 45,Misdemeanor,African-American,Male,2,4,0
60,Greater than 45,Felony,Hispanic,Male,0,1,0
20,Less than 25,Felony,African-American,Female,0,7,0
23,Less than 25,Felony,Caucasian,Male,0,4,0
26,25 - 45,Felony,African-American,Male,5,6,1
40,25 - 45,Misdemeanor,Caucasian,Male,4,1,0
28,25 - 45,Felony,Other,Male,1,3,1
53,Greater than 45,Felony,Caucasian,Male,1,1,0
24,Less than 25,Felony,African-American,Female,0,3,0
31,25 - 45,Felony,Hispanic,Male,0,1,0
33,25 - 45,Felony,Caucasian,Female,2,2,0
26,25 - 45,Felony,Caucasian,Male,8,7,1
32,25 - 45,Felony,Caucasian,Male,2,2,0
25,25 - 45,Felony,Caucasian,Male,0,3,1
21,Less than 25,Felony,African-American,Male,1,5,0
38,25 - 45,Felony,African-American,Male,3,6,0
23,Less than 25,Felony,Caucasian,Male,0,3,0
20,Less than 25,Felony,Caucasian,Male,0,7,1
24,Less than 25,Felony,African-American,Male,1,3,1
23,Less than 25,Felony,Hispanic,Male,0,3,0
49,Greater than 45,Felony,African-American,Male,3,1,0
28,25 - 45,Misdemeanor,Caucasian,Male,0,2,0
67,Greater than 45,Felony,Caucasian,Male,3,1,0
33,25 - 45,Felony,Hispanic,Male,0,1,0
52,Greater than 45,Felony,African-American,Male,0,1,0
22,Less than 25,Felony,Caucasian,Male,1,9,0
40,25 - 45,Misdemeanor,Caucasian,Male,0,1,1
30,25 - 45,Misdemeanor,Caucasian,Male,1,6,1
42,25 - 45,Felony,African-American,Male,1,1,0
46,Greater than 45,Felony,Caucasian,Male,4,1,0
38,25 - 45,Felony,African-American,Male,4,2,0
26,25 - 45,Misdemeanor,Caucasian,Male,0,4,0
27,25 - 45,Felony,Hispanic,Male,2,2,0
61,Greater than 45,Felony,Caucasian,Male,1,2,0
57,Greater than 45,Felony,Caucasian,Male,0,1,0
24,Less than 25,Misdemeanor,Caucasian,Male,3,4,1
34,25 - 45,Felony,African-American,Male,1,2,0
27,25 - 45,Felony,Hispanic,Male,1,3,0
35,25 - 45,Misdemeanor,African-American,Male,10,3,1
44,25 - 45,Felony,African-American,Male,0,2,0
61,Greater than 45,Felony,Caucasian,Male,10,5,0
42,25 - 45,Misdemeanor,African-American,Male,4,1,0
53,Greater than 45,Misdemeanor,Caucasian,Female,0,1,0
26,25 - 45,Misdemeanor,African-American,Male,3,9,0
50,Greater than 45,Felony,Caucasian,Male,0,2,0
44,25 - 45,Misdemeanor,Caucasian,Male,16,3,0
24,Less than 25,Felony,African-American,Male,4,6,1
50,Greater than 45,Felony,Caucasian,Male,0,1,0
36,25 - 45,Misdemeanor,Caucasian,Female,0,1,0
39,25 - 45,Felony,Caucasian,Male,0,2,0
54,Greater than 45,Felony,African-American,Female,7,1,0
29,25 - 45,Misdemeanor,African-American,Male,0,2,0
26,25 - 45,Misdemeanor,Caucasian,Male,0,2,0
34,25 - 45,Misdemeanor,Caucasian,Male,0,2,0
20,Less than 25,Felony,African-American,Male,0,6,0
26,25 - 45,Felony,African-American,Male,4,6,1
26,25 - 45,Felony,African-American,Male,0,3,0
55,Greater than 45,Felony,African-American,Male,1,1,0
22,Less than 25,Misdemeanor,African-American,Male,0,7,0
26,25 - 45,Misdemeanor,African-American,Female,0,3,0
56,Greater than 45,Misdemeanor,Other,Male,0,1,0
46,Greater than 45,Felony,Other,Male,2,4,0
28,25 - 45,Felony,African-American,Male,4,9,0
33,25 - 45,Felony,African-American,Male,8,5,0
31,25 - 45,Misdemeanor,African-American,Female,0,2,0
26,25 - 45,Misdemeanor,African-American,Male,1,4,0
34,25 - 45,Misdemeanor,Caucasian,Male,0,1,0
33,25 - 45,Felony,Other,Male,0,1,0
32,25 - 45,Felony,African-American,Female,0,1,0
37,25 - 45,Felony,African-American,Male,9,9,1
50,Greater than 45,Felony,African-American,Male,1,5,0
35,25 - 45,Felony,Caucasian,Male,1,1,0
52,Greater than 45,Felony,African-American,Female,8,7,0
26,25 - 45,Felony,African-American,Male,5,7,1
19,Less than 25,Misdemeanor,Other,Male,0,9,1
24,Less than 25,Misdemeanor,African-American,Male,0,3,0
21,Less than 25,Felony,African-American,Male,1,8,0
54,Greater than 45,Misdemeanor,Caucasian,Male,0,2,0
49,Greater than 45,Felony,Caucasian,Male,0,1,0
42,25 - 45,Felony,Caucasian,Male,1,1,0
74,Greater than 45,Misdemeanor,Caucasian,Male,0,1,0
38,25 - 45,Felony,Hispanic,Female,0,1,0
39,25 - 45,Felony,African-American,Female,1,1,0
39,25 - 45,Misdemeanor,Caucasian,Female,0,1,0
38,25 - 45,Felony,African-American,Female,0,1,0
53,Greater than 45,Misdemeanor,Caucasian,Male,1,1,0
23,Less than 25,Felony,African-American,Male,2,9,0
64,Greater than 45,Felony,Caucasian,Female,1,1,0
41,25 - 45,Felony,Hispanic,Female,0,1,0
53,Greater than 45,Misdemeanor,Other,Male,0,1,0
34,25 - 45,Felony,African-American,Male,0,1,0
26,25 - 45,Misdemeanor,African-American,Male,1,2,0
44,25 - 45,Felony,Caucasian,Male,4,3,0
27,25 - 45,Felony,Caucasian,Female,0,2,0
28,25 - 45,Felony,Caucasian,Male,14,3,0
55,Greater than 45,Misdemeanor,Caucasian,Male,1,1,0
36,25 - 45,Felony,African-American,Male,15,1,0
23,Less than 25,Felony,African-American,Male,1,6,0
56,Greater than 45,Misdemeanor,African-American,Male,1,2,0
37,25 - 45,Misdemeanor,Caucasian,Male,1,4,0
45,Greater than 45,Misdemeanor,African-American,Male,3,2,0
31,25 - 45,Felony,African-American,Female,14,8,0
42,25 - 45,Felony,African-American,Male,7,1,1
36,25 - 45,Misdemeanor,African-American,Female,1,1,0
54,Greater than 45,Misdemeanor,Caucasian,Male,0,1,0
23,Less than 25,Misdemeanor,Hispanic,Male,0,5,0
61,Greater than 45,Misdemeanor,Caucasian,Male,0,1,0
42,25 - 45,Misdemeanor,Caucasian,Female,0,1,0
27,25 - 45,Misdemeanor,African-American,Male,1,3,0
24,Less than 25,Misdemeanor,Caucasian,Male,2,5,0
38,25 - 45,Felony,Caucasian,Male,0,1,0
21,Less than 25,Misdemeanor,Caucasian,Male,1,6,0
39,25 - 45,Felony,Caucasian,Male,0,1,0
29,25 - 45,Felony,Caucasian,Male,0,2,0
29,25 - 45,Felony,Caucasian,Male,1,4,0
44,25 - 45,Felony,African-American,Male,7,4,0
27,25 - 45,Misdemeanor,African-American,Male,0,2,0
27,25 - 45,Felony,African-American,Male,8,8,1
61,Greater than 45,Misdemeanor,Caucasian,Male,0,1,0
27,25 - 45,Misdemeanor,African-American,Male,1,2,0
26,25 - 45,Misdemeanor,Caucasian,Male,9,3,1
25,25 - 45,Felony,African-American,Male,2,4,0
23,Less than 25,Misdemeanor,Other,Male,5,9,1
23,Less than 25,Misdemeanor,African-American,Male,1,6,0
30,25 - 45,Misdemeanor,Other,Male,3,1,0
45,Greater than 45,Felony,African-American,Female,2,1,0
26,25 - 45,Misdemeanor,African-American,Female,0,2,0
21,Less than 25,Felony,Caucasian,Male,0,7,1
62,Greater than 45,Misdemeanor,Caucasian,Female,0,1,0
48,Greater than 45,Felony,Caucasian,Male,0,2,0
53,Greater than 45,Misdemeanor,African-American,Male,1,1,0
28,25 - 45,Felony,African-American,Male,5,10,0
56,Greater than 45,Felony,Caucasian,Male,1,1,0
35,25 - 45,Felony,Hispanic,Male,2,1,0
35,25 - 45,Misdemeanor,African-American,Male,4,6,0
37,25 - 45,Felony,African-American,Female,7,1,0
32,25 - 45,Felony,African-American,Female,0,1,0
53,Greater than 45,Misdemeanor,Caucasian,Male,0,1,0
32,25 - 45,Misdemeanor,Caucasian,Male,0,1,0
26,25 - 45,Misdemeanor,Caucasian,Male,0,3,0
61,Greater than 45,Misdemeanor,Caucasian,Male,0,1,0
21,Less than 25,Misdemeanor,African-American,Male,0,7,0
69,Greater than 45,Misdemeanor,African-American,Male,22,4,0
26,25 - 45,Misdemeanor,African-American,Male,0,4,0
30,25 - 45,Felony,African-American,Male,9,7,1
21,Less than 25,Felony,Caucasian,Male,1,5,0
41,25 - 45,Misdemeanor,Caucasian,Male,0,1,0
22,Less than 25,Felony,Caucasian,Male,0,5,0
54,Greater than 45,Felony,Caucasian,Female,0,1,1
50,Greater than 45,Misdemeanor,Caucasian,Male,2,1,1
37,25 - 45,Felony,Other,Male,11,1,0
26,25 - 45,Misdemeanor,Caucasian,Male,5,4,0
59,Greater than 45,Misdemeanor,African-American,Female,0,1,0
67,Greater than 45,Felony,Hispanic,Male,0,1,0
45,Greater than 45,Felony,Hispanic,Male,8,3,0
22,Less than 25,Felony,African-American,Male,0,6,0
27,25 - 45,Misdemeanor,Other,Male,0,3,0
37,25 - 45,Felony,African-American,Female,13,3,0
45,Greater than 45,Misdemeanor,Caucasian,Male,2,1,0
52,Greater than 45,Felony,African-American,Male,7,1,0
21,Less than 25,Felony,African-American,Female,0,8,0
33,25 - 45,Felony,Caucasian,Male,3,6,0
26,25 - 45,Felony,African-American,Male,3,9,1
37,25 - 45,Misdemeanor,Caucasian,Male,0,1,0
40,25 - 45,Felony,Other,Male,1,1,0
21,Less than 25,Felony,African-American,Male,1,7,0
37,25 - 45,Misdemeanor,Caucasian,Male,0,1,0
44,25 - 45,Felony,Caucasian,Male,0,1,0
30,25 - 45,Felony,African-American,Male,0,2,0
40,25 - 45,Felony,Hispanic,Male,0,1,0
49,Greater than 45,Felony,Caucasian,Male,1,1,0
67,Greater than 45,Misdemeanor,Caucasian,Male,0,1,0
31,25 - 45,Misdemeanor,Caucasian,Male,6,3,0
30,25 - 45,Felony,African-American,Male,7,3,0
28,25 - 45,Misdemeanor,Caucasian,Male,1,2,0
55,Greater than 45,Misdemeanor,Caucasian,Male,0,1,0
42,25 - 45,Misdemeanor,Caucasian,Male,0,1,0
43,25 - 45,Misdemeanor,African-American,Male,4,4,1
44,25 - 45,Felony,African-American,Male,0,1,0
29,25 - 45,Misdemeanor,Hispanic,Male,0,2,0
31,25 - 45,Misdemeanor,Hispanic,Male,0,2,0
41,25 - 45,Felony,African-American,Male,1,1,0
29,25 - 45,Misdemeanor,African-American,Male,0,3,0
26,25 - 45,Misdemeanor,Caucasian,Male,0,3,0
27,25 - 45,Felony,African-American,Female,1,3,0
35,25 - 45,Misdemeanor,Caucasian,Male,4,3,0
54,Greater than 45,Felony,Caucasian,Male,1,1,0
20,Less than 25,Felony,African-American,Male,0,6,0
27,25 - 45,Felony,Caucasian,Male,0,5,0
21,Less than 25,Felony,African-American,Male,1,7,0
54,Greater than 45,Misdemeanor,African-American,Male,0,1,0
39,25 - 45,Felony,African-American,Male,1,1,0
33,25 - 45,Misdemeanor,Caucasian,Female,0,1,0
35,25 - 45,Misdemeanor,African-American,Female,0,2,0
53,Greater than 45,Misdemeanor,African-American,Male,0,1,0
28,25 - 45,Misdemeanor,Caucasian,Male,2,3,0
26,25 - 45,Felony,African-American,Male,0,4,0
31,25 - 45,Felony,African-American,Male,3,5,0
33,25 - 45,Misdemeanor,Hispanic,Male,1,2,0
28,25 - 45,Felony,African-American,Male,1,7,0
23,Less than 25,Felony,Caucasian,Male,4,4,1
36,25 - 45,Felony,African-American,Male,6,5,0
22,Less than 25,Felony,African-American,Male,0,5,0
37,25 - 45,Misdemeanor,African-American,Male,3,1,0
52,Greater than 45,Misdemeanor,Caucasian,Female,0,1,0
26,25 - 45,Felony,Caucasian,Male,0,3,0
33,25 - 45,Felony,Caucasian,Female,2,2,0
55,Greater than 45,Misdemeanor,Caucasian,Female,0,1,0
37,25 - 45,Misdemeanor,African-American,Male,2,1,0
41,25 - 45,Felony,African-American,Male,0,1,0
26,25 - 45,Misdemeanor,Caucasian,Male,0,3,0
41,25 - 45,Felony,African-American,Male,13,5,0
33,25 - 45,Felony,African-American,Male,6,2,0
23,Less than 25,Felony,African-American,Male,0,6,0
27,25 - 45,Felony,Caucasian,Male,1,2,0
24,Less than 25,Felony,Caucasian,Male,0,5,1
30,25 - 45,Felony,African-American,Male,10,6,0
55,Greater than 45,Felony,Caucasian,Male,1,2,0
35,25 - 45,Felony,African-American,Male,0,1,0
20,Less than 25,Misdemeanor,African-American,Male,1,6,0
31,25 - 45,Misdemeanor,African-American,Male,8,10,1
33,25 - 45,Felony,Caucasian,Male,7,9,1
44,25 - 45,Felony,Caucasian,Male,6,4,1
41,25 - 45,Felony,African-American,Male,25,9,1
56,Greater than 45,Misdemeanor,African-American,Male,9,5,0
21,Less than 25,Felony,African-American,Male,1,6,0
48,Greater than 45,Misdemeanor,Caucasian,Female,1,1,0
39,25 - 45,Misdemeanor,Caucasian,Male,2,1,0
31,25 - 45,Felony,Hispanic,Male,0,2,0
25,25 - 45,Felony,Caucasian,Female,0,4,0
28,25 - 45,Felony,African-American,Female,3,4,0
30,25 - 45,Felony,African-American,Male,0,2,1
19,Less than 25,Misdemeanor,African-American,Female,0,8,1
57,Greater than 45,Felony,Caucasian,Male,0,1,0
26,25 - 45,Felony,African-American,Male,0,2,0
37,25 - 45,Felony,African-American,Male,5,4,0
48,Greater than 45,Felony,African-American,Male,0,1,0
21,Less than 25,Felony,African-American,Male,0,9,0
52,Greater than 45,Misdemeanor,African-American,Male,1,1,0
54,Greater than 45,Misdemeanor,African-American,Male,0,1,1
40,25 - 45,Felony,Caucasian,Female,4,1,0
22,Less than 25,Felony,African-American,Male,0,6,0
50,Greater than 45,Felony,Caucasian,Male,10,2,0
35,25 - 45,Misdemeanor,Caucasian,Male,2,4,0
21,Less than 25,Felony,African-American,Male,0,6,0
27,25 - 45,Felony,Caucasian,Male,0,4,0
38,25 - 45,Felony,Hispanic,Female,20,3,1
32,25 - 45,Felony,Caucasian,Male,0,2,0
59,Greater than 45,Felony,Caucasian,Male,0,1,0
59,Greater than 45,Felony,Caucasian,Male,0,1,0
44,25 - 45,Misdemeanor,Hispanic,Male,0,1,0
31,25 - 45,Misdemeanor,African-American,Female,0,4,1
32,25 - 45,Felony,African-American,Female,0,2,0
22,Less than 25,Felony,Caucasian,Male,2,6,0
34,25 - 45,Felony,Caucasian,Male,2,2,0
30,25 - 45,Felony,African-American,Male,7,2,0
46,Greater than 45,Felony,Other,Male,0,1,0
35,25 - 45,Felony,Caucasian,Male,2,4,1
35,25 - 45,Felony,African-American,Male,0,1,0
30,25 - 45,Felony,African-American,Female,9,5,1
31,25 - 45,Felony,Caucasian,Male,4,6,1
31,25 - 45,Felony,Hispanic,Male,0,7,0
36,25 - 45,Misdemeanor,African-American,Male,5,3,1
39,25 - 45,Misdemeanor,African-American,Male,2,1,0
35,25 - 45,Felony,Hispanic,Male,0,2,0
37,25 - 45,Misdemeanor,African-American,Male,0,1,0
25,25 - 45,Misdemeanor,African-American,Male,3,3,0
27,25 - 45,Felony,African-American,Female,0,3,0
47,Greater than 45,Misdemeanor,Caucasian,Male,2,1,0
46,Greater than 45,Misdemeanor,African-American,Male,12,4,0
27,25 - 45,Felony,Caucasian,Male,0,6,0
34,25 - 45,Felony,African-American,Male,0,8,1
25,25 - 45,Misdemeanor,Caucasian,Male,0,3,0
26,25 - 45,Misdemeanor,African-American,Male,5,4,0
60,Greater than 45,Felony,African-American,Male,9,1,0
49,Greater than 45,Misdemeanor,Other,Male,0,1,1
21,Less than 25,Felony,African-American,Male,0,7,0
21,Less than 25,Felony,African-American,Male,0,8,1
29,25 - 45,Misdemeanor,Hispanic,Male,1,3,0
29,25 - 45,Misdemeanor,African-American,Male,4,2,0
21,Less than 25,Misdemeanor,Hispanic,Male,0,6,0
51,Greater than 45,Felony,Caucasian,Male,2,1,0
29,25 - 45,Misdemeanor,African-American,Male,1,2,0
24,Less than 25,Felony,Other,Female,0,5,0
37,25 - 45,Felony,Hispanic,Male,5,1,0
53,Greater than 45,Felony,Caucasian,Male,1,1,0
25,25 - 45,Felony,African-American,Male,5,6,0
38,25 - 45,Misdemeanor,Hispanic,Male,0,1,0
22,Less than 25,Felony,African-American,Male,3,10,1
21,Less than 25,Felony,African-American,Male,1,8,0
28,25 - 45,Misdemeanor,African-American,Male,14,8,1
25,25 - 45,Misdemeanor,African-American,Male,1,5,0
56,Greater than 45,Felony,Caucasian,Male,2,1,0
34,25 - 45,Felony,African-American,Male,22,4,0
35,25 - 45,Felony,Hispanic,Male,7,4,0
22,Less than 25,Felony,Caucasian,Male,0,6,0
23,Less than 25,Felony,African-American,Male,0,8,1
30,25 - 45,Misdemeanor,African-American,Male,4,6,0
42,25 - 45,Misdemeanor,African-American,Male,1,3,1
50,Greater than 45,Misdemeanor,African-American,Male,24,8,1
37,25 - 45,Felony,African-American,Male,0,3,0
23,Less than 25,Felony,African-American,Male,1,5,0
41,25 - 45,Felony,Caucasian,Male,0,1,0
50,Greater than 45,Felony,African-American,Male,5,1,0
41,25 - 45,Felony,Hispanic,Male,19,9,1
40,25 - 45,Felony,Other,Male,8,4,1
23,Less than 25,Felony,Caucasian,Male,0,4,0
64,Greater than 45,Felony,Other,Female,0,1,0
51,Greater than 45,Misdemeanor,Caucasian,Male,0,1,0
35,25 - 45,Misdemeanor,African-American,Female,3,3,1
29,25 - 45,Felony,African-American,Male,2,6,0
57,Greater than 45,Misdemeanor,Caucasian,Male,0,1,0
23,Less than 25,Misdemeanor,Other,Female,0,5,0
55,Greater than 45,Misdemeanor,Caucasian,Male,1,1,0
28,25 - 45,Felony,African-American,Male,6,8,1
25,25 - 45,Felony,Caucasian,Male,1,3,0
66,Greater than 45,Felony,Caucasian,Male,0,1,0
28,25 - 45,Misdemeanor,African-American,Male,3,2,0
24,Less than 25,Misdemeanor,African-American,Male,0,5,0
73,Greater than 45,Misdemeanor,Caucasian,Male,0,1,0
44,25 - 45,Felony,African-American,Male,0,1,0
42,25 - 45,Misdemeanor,Hispanic,Male,0,1,0
40,25 - 45,Felony,African-American,Male,6,4,0
21,Less than 25,Felony,Hispanic,Male,0,8,0
56,Greater than 45,Misdemeanor,Caucasian,Male,0,1,1
42,25 - 45,Felony,African-American,Male,3,1,0
50,Greater than 45,Felony,Caucasian,Male,1,1,0
34,25 - 45,Misdemeanor,Caucasian,Male,0,2,0
47,Greater than 45,Misdemeanor,African-American,Male,1,1,1
58,Greater than 45,Felony,Caucasian,Male,3,1,0
48,Greater than 45,Felony,Caucasian,Male,3,1,0
20,Less than 25,Felony,Caucasian,Female,0,6,0
29,25 - 45,Felony,African-American,Male,0,6,0
38,25 - 45,Misdemeanor,Other,Male,1,2,0
43,25 - 45,Misdemeanor,Caucasian,Female,0,1,0
25,25 - 45,Misdemeanor,Hispanic,Male,2,5,1
22,Less than 25,Misdemeanor,Caucasian,Male,0,10,0
32,25 - 45,Misdemeanor,Hispanic,Female,1,2,0
26,25 - 45,Misdemeanor,Caucasian,Male,9,5,1
48,Greater than 45,Felony,Other,Female,0,1,0
71,Greater than 45,Misdemeanor,Caucasian,Male,1,1,0
61,Greater than 45,Misdemeanor,Caucasian,Female,0,1,0
22,Less than 25,Misdemeanor,Caucasian,Female,2,5,0
54,Greater than 45,Misdemeanor,Caucasian,Female,1,1,0
24,Less than 25,Felony,Caucasian,Male,6,7,0
28,25 - 45,Felony,Caucasian,Female,0,3,0
25,25 - 45,Felony,Caucasian,Female,2,8,0
22,Less than 25,Felony,African-American,Female,1,5,0
35,25 - 45,Felony,African-American,Male,0,3,0
21,Less than 25,Felony,African-American,Male,0,5,0
49,Greater than 45,Misdemeanor,Caucasian,Male,1,1,0
64,Greater than 45,Felony,Caucasian,Male,8,1,0
37,25 - 45,Misdemeanor,African-American,Male,3,2,0
34,25 - 45,Felony,African-American,Female,1,3,1
60,Greater than 45,Felony,Hispanic,Male,4,1,0
58,Greater than 45,Misdemeanor,Caucasian,Male,0,1,0
27,25 - 45,Felony,Caucasian,Male,0,2,0
25,25 - 45,Misdemeanor,African-American,Male,0,3,0
56,Greater than 45,Felony,African-American,Male,24,4,0
33,25 - 45,Misdemeanor,African-American,Male,2,2,0
32,25 - 45,Felony,African-American,Male,6,4,1
25,25 - 45,Felony,African-American,Male,1,5,1
20,Less than 25,Felony,African-American,Female,0,6,0
32,25 - 45,Felony,African-American,Male,9,7,0
49,Greater than 45,Felony,African-American,Female,0,2,0
22,Less than 25,Felony,African-American,Male,1,5,0
24,Less than 25,Felony,African-American,Male,0,4,0
22,Less than 25,Felony,Caucasian,Male,0,5,0
26,25 - 45,Felony,African-American,Female,3,4,0
54,Greater than 45,Misdemeanor,Caucasian,Male,2,1,0
59,Greater than 45,Felony,African-American,Male,1,1,0
24,Less than 25,Felony,Other,Male,1,6,1
64,Greater than 45,Felony,African-American,Male,20,1,0
22,Less than 25,Felony,African-American,Female,0,5,0
30,25 - 45,Felony,African-American,Female,3,3,1
27,25 - 45,Felony,Caucasian,Female,0,3,0
20,Less than 25,Felony,Caucasian,Male,0,7,0
37,25 - 45,Misdemeanor,Other,Male,0,1,0
25,25 - 45,Felony,Other,Male,2,3,0
32,25 - 45,Misdemeanor,African-American,Female,0,1,0
44,25 - 45,Felony,Caucasian,Female,1,1,0
41,25 - 45,Felony,African-American,Male,8,2,0
30,25 - 45,Felony,Caucasian,Male,3,2,0
27,25 - 45,Misdemeanor,African-American,Male,2,6,1
34,25 - 45,Misdemeanor,Hispanic,Male,2,2,0
33,25 - 45,Misdemeanor,African-American,Female,3,1,0
33,25 - 45,Felony,Caucasian,Male,0,2,0
37,25 - 45,Misdemeanor,Hispanic,Male,1,1,0
28,25 - 45,Misdemeanor,African-American,Male,9,4,0
25,25 - 45,Felony,African-American,Female,0,5,1
30,25 - 45,Misdemeanor,African-American,Female,1,3,0
47,Greater than 45,Misdemeanor,African-American,Female,0,1,0
31,25 - 45,Felony,Caucasian,Male,9,4,1
46,Greater than 45,Misdemeanor,African-American,Female,7,3,0
62,Greater than 45,Misdemeanor,Caucasian,Male,3,1,0
25,25 - 45,Felony,Caucasian,Male,9,9,0
38,25 - 45,Misdemeanor,Asian,Male,0,1,0
29,25 - 45,Felony,African-American,Male,5,8,0
39,25 - 45,Felony,African-American,Male,2,1,0
48,Greater than 45,Misdemeanor,Hispanic,Male,1,1,0
31,25 - 45,Misdemeanor,Other,Male,3,1,1
50,Greater than 45,Misdemeanor,Caucasian,Male,0,1,0
27,25 - 45,Misdemeanor,African-American,Male,0,2,0
24,Less than 25,Misdemeanor,African-American,Female,2,5,0
41,25 - 45,Felony,Caucasian,Male,0,1,0
38,25 - 45,Felony,Other,Male,1,3,0
32,25 - 45,Felony,African-American,Male,2,6,1
25,25 - 45,Felony,Caucasian,Male,1,9,0
55,Greater than 45,Misdemeanor,Caucasian,Male,0,2,1
28,25 - 45,Felony,African-American,Male,7,7,1
39,25 - 45,Felony,Hispanic,Female,10,3,1
35,25 - 45,Misdemeanor,Caucasian,Female,1,2,0
32,25 - 45,Misdemeanor,African-American,Male,12,6,1
69,Greater than 45,Misdemeanor,Other,Male,0,1,0
21,Less than 25,Misdemeanor,Caucasian,Male,1,8,0
41,25 - 45,Felony,Caucasian,Male,1,1,0
21,Less than 25,Felony,Hispanic,Male,0,6,0
38,25 - 45,Felony,African-American,Male,0,6,0
35,25 - 45,Misdemeanor,Caucasian,Male,2,3,1
34,25 - 45,Misdemeanor,African-American,Male,5,6,0
52,Greater than 45,Misdemeanor,Caucasian,Male,0,1,0
21,Less than 25,Felony,African-American,Male,0,8,0
43,25 - 45,Misdemeanor,African-American,Male,8,2,0
32,25 - 45,Felony,Caucasian,Female,0,2,0
21,Less than 25,Misdemeanor,African-American,Female,0,5,0
65,Greater than 45,Felony,Caucasian,Female,1,1,0
27,25 - 45,Misdemeanor,Caucasian,Female,0,3,0
42,25 - 45,Misdemeanor,Other,Male,6,1,0
63,Greater than 45,Felony,African-American,Male,6,2,0
40,25 - 45,Misdemeanor,Caucasian,Male,0,1,0
34,25 - 45,Felony,Hispanic,Male,0,3,0
27,25 - 45,Misdemeanor,Caucasian,Male,1,2,0
29,25 - 45,Misdemeanor,Hispanic,Male,0,1,0
50,Greater than 45,Misdemeanor,African-American,Female,0,2,0
47,Greater than 45,Misdemeanor,Caucasian,Male,0,1,0
44,25 - 45,Misdemeanor,Caucasian,Male,2,1,0
56,Greater than 45,Felony,Hispanic,Male,0,1,0
23,Less than 25,Misdemeanor,African-American,Male,0,5,0
54,Greater than 45,Felony,African-American,Male,10,1,0
38,25 - 45,Felony,Caucasian,Male,17,8,0
25,25 - 45,Felony,Hispanic,Male,0,3,1
56,Greater than 45,Felony,African-American,Male,6,1,0
39,25 - 45,Felony,Caucasian,Male,1,1,0
29,25 - 45,Misdemeanor,Caucasian,Male,0,2,0
26,25 - 45,Misdemeanor,Caucasian,Male,0,3,0
58,Greater than 45,Felony,Other,Female,0,1,0
21,Less than 25,Felony,African-American,Male,0,7,1
21,Less than 25,Felony,African-American,Male,0,8,0
23,Less than 25,Felony,African-American,Male,0,8,0
46,Greater than 45,Felony,African-American,Male,3,3,0
35,25 - 45,Felony,Hispanic,Male,5,5,0
30,25 - 45,Misdemeanor,African-American,Female,0,2,0
47,Greater than 45,Felony,Caucasian,Male,1,1,0
30,25 - 45,Felony,Caucasian,Male,4,2,0
47,Greater than 45,Felony,African-American,Male,1,1,0
24,Less than 25,Felony,Caucasian,Male,1,4,0
45,Greater than 45,Felony,Caucasian,Male,3,1,0
39,25 - 45,Felony,Caucasian,Male,3,1,0
40,25 - 45,Felony,Caucasian,Male,1,1,0
24,Less than 25,Felony,African-American,Male,0,6,0
23,Less than 25,Felony,African-American,Male,1,4,0
61,Greater than 45,Misdemeanor,Caucasian,Male,0,1,0
23,Less than 25,Felony,Caucasian,Male,2,7,0
40,25 - 45,Felony,African-American,Male,15,6,0
44,25 - 45,Felony,African-American,Male,0,2,0
22,Less than 25,Misdemeanor,African-American,Female,3,6,0
24,Less than 25,Misdemeanor,Other,Male,5,4,0
33,25 - 45,Felony,Caucasian,Male,9,3,0
31,25 - 45,Felony,Other,Male,5,2,0
57,Greater than 45,Felony,African-American,Male,23,7,1
65,Greater than 45,Felony,Caucasian,Male,3,2,0
22,Less than 25,Misdemeanor,Caucasian,Female,0,7,0
35,25 - 45,Felony,African-American,Female,2,2,0
29,25 - 45,Misdemeanor,African-American,Male,2,4,1
56,Greater than 45,Felony,African-American,Female,1,1,0
25,25 - 45,Felony,Caucasian,Male,2,5,0
33,25 - 45,Misdemeanor,Caucasian,Male,10,2,0
25,25 - 45,Felony,Caucasian,Male,2,6,0
27,25 - 45,Felony,African-American,Female,3,3,0
37,25 - 45,Felony,African-American,Male,1,10,0
41,25 - 45,Misdemeanor,Caucasian,Male,2,1,0
35,25 - 45,Felony,African-American,Male,5,5,0
55,Greater than 45,Misdemeanor,Caucasian,Male,0,1,0
26,25 - 45,Felony,African-American,Male,2,3,1
35,25 - 45,Felony,African-American,Male,7,3,0
50,Greater than 45,Misdemeanor,Caucasian,Male,3,6,1
24,Less than 25,Misdemeanor,African-American,Female,0,3,0
34,25 - 45,Felony,African-American,Male,6,9,1
24,Less than 25,Misdemeanor,Other,Male,3,7,1
30,25 - 45,Felony,African-American,Female,4,2,0
35,25 - 45,Misdemeanor,Hispanic,Female,0,1,0
24,Less than 25,Misdemeanor,Caucasian,Male,1,3,0
28,25 - 45,Felony,African-American,Female,3,3,0
31,25 - 45,Felony,African-American,Male,0,3,0
31,25 - 45,Misdemeanor,Caucasian,Male,0,2,0
32,25 - 45,Felony,African-American,Female,3,2,0
29,25 - 45,Felony,Caucasian,Male,6,2,1
59,Greater than 45,Felony,African-American,Male,3,2,0
24,Less than 25,Misdemeanor,African-American,Male,1,5,1
33,25 - 45,Felony,African-American,Male,0,6,0
35,25 - 45,Misdemeanor,Other,Female,0,1,0
40,25 - 45,Felony,Other,Female,0,1,0
45,Greater than 45,Misdemeanor,Other,Male,0,1,0
24,Less than 25,Misdemeanor,African-American,Male,9,7,1
25,25 - 45,Misdemeanor,Hispanic,Male,0,4,0
24,Less than 25,Felony,African-American,Male,0,9,0
23,Less than 25,Misdemeanor,Hispanic,Male,6,5,0
23,Less than 25,Felony,African-American,Male,7,7,1
48,Greater than 45,Misdemeanor,Hispanic,Male,0,1,0
62,Greater than 45,Felony,Caucasian,Male,0,1,0
25,25 - 45,Felony,Other,Male,1,3,0
49,Greater than 45,Misdemeanor,African-American,Male,1,4,0
50,Greater than 45,Felony,Caucasian,Male,0,1,1
37,25 - 45,Felony,African-American,Male,14,3,0
26,25 - 45,Misdemeanor,Caucasian,Male,0,3,0
28,25 - 45,Felony,African-American,Male,21,10,0
48,Greater than 45,Felony,Other,Male,4,1,0
20,Less than 25,Felony,African-American,Male,1,10,1
26,25 - 45,Misdemeanor,Hispanic,Male,1,2,0
29,25 - 45,Felony,Caucasian,Male,1,2,0
46,Greater than 45,Felony,Caucasian,Male,4,1,0
24,Less than 25,Felony,African-American,Male,0,5,0
51,Greater than 45,Misdemeanor,Hispanic,Female,2,1,0
29,25 - 45,Felony,African-American,Male,5,4,0
56,Greater than 45,Misdemeanor,Hispanic,Male,10,1,1
48,Greater than 45,Misdemeanor,Other,Male,0,1,0
24,Less than 25,Misdemeanor,African-American,Male,1,4,0
32,25 - 45,Felony,African-American,Male,1,2,0
25,25 - 45,Felony,African-American,Male,1,6,0
29,25 - 45,Misdemeanor,Caucasian,Male,1,2,0
38,25 - 45,Misdemeanor,Caucasian,Male,2,2,0
52,Greater than 45,Felony,Hispanic,Male,3,3,0
53,Greater than 45,Felony,Caucasian,Male,3,4,0
27,25 - 45,Felony,Caucasian,Male,1,2,0
33,25 - 45,Felony,Caucasian,Male,1,2,0
29,25 - 45,Misdemeanor,Caucasian,Female,0,2,0
38,25 - 45,Felony,African-American,Male,19,5,1
29,25 - 45,Misdemeanor,Caucasian,Male,0,2,0
41,25 - 45,Felony,African-American,Male,0,1,0
59,Greater than 45,Felony,African-American,Male,8,2,0
21,Less than 25,Misdemeanor,Caucasian,Male,1,7,1
30,25 - 45,Felony,African-American,Male,0,2,0
43,25 - 45,Felony,Caucasian,Male,4,1,0
24,Less than 25,Felony,Caucasian,Female,2,4,0
45,Greater than 45,Misdemeanor,African-American,Male,13,6,1
23,Less than 25,Felony,Caucasian,Male,0,9,1
40,25 - 45,Felony,Caucasian,Female,5,3,0
23,Less than 25,Felony,African-American,Female,0,6,0
39,25 - 45,Felony,African-American,Male,3,3,0
26,25 - 45,Misdemeanor,Caucasian,Female,0,2,0
21,Less than 25,Misdemeanor,African-American,Male,0,6,0
30,25 - 45,Felony,Caucasian,Male,3,3,0
44,25 - 45,Felony,Caucasian,Male,0,1,0
23,Less than 25,Misdemeanor,African-American,Male,0,5,0
49,Greater than 45,Felony,African-American,Female,1,1,0
28,25 - 45,Felony,Caucasian,Male,2,3,1
23,Less than 25,Felony,Other,Male,7,8,1
24,Less than 25,Felony,African-American,Female,2,4,1
31,25 - 45,Felony,Caucasian,Male,0,6,0
25,25 - 45,Felony,African-American,Male,1,3,0
26,25 - 45,Misdemeanor,African-American,Male,24,10,1
27,25 - 45,Felony,African-American,Male,1,4,0
46,Greater than 45,Felony,Caucasian,Male,0,1,0
38,25 - 45,Misdemeanor,Caucasian,Female,1,4,1
24,Less than 25,Misdemeanor,African-American,Female,0,5,0
38,25 - 45,Misdemeanor,African-American,Female,0,1,0
48,Greater than 45,Felony,African-American,Male,6,2,0
30,25 - 45,Felony,Hispanic,Male,7,7,0
55,Greater than 45,Misdemeanor,Caucasian,Male,0,1,0
40,25 - 45,Felony,African-American,Male,5,7,1
57,Greater than 45,Misdemeanor,African-American,Female,0,1,0
25,25 - 45,Misdemeanor,African-American,Male,0,4,0
31,25 - 45,Felony,African-American,Male,3,2,1
43,25 - 45,Felony,African-American,Male,7,3,0
25,25 - 45,Misdemeanor,Caucasian,Female,0,3,0
39,25 - 45,Misdemeanor,Hispanic,Male,1,2,0
40,25 - 45,Felony,African-American,Male,1,1,0
35,25 - 45,Misdemeanor,African-American,Male,2,4,0
50,Greater than 45,Felony,African-American,Female,4,1,0
23,Less than 25,Misdemeanor,Caucasian,Female,1,4,0
38,25 - 45,Misdemeanor,African-American,Male,1,1,0
54,Greater than 45,Felony,Caucasian,Female,2,1,0
28,25 - 45,Felony,African-American,Male,18,7,1
49,Greater than 45,Misdemeanor,African-American,Male,1,1,0
36,25 - 45,Felony,African-American,Male,11,3,0
41,25 - 45,Felony,Caucasian,Female,0,1,0
40,25 - 45,Felony,Caucasian,Male,9,6,0
33,25 - 45,Felony,Caucasian,Male,0,1,0
26,25 - 45,Felony,African-American,Male,7,6,0
35,25 - 45,Felony,African-American,Male,1,1,0
27,25 - 45,Misdemeanor,African-American,Male,3,4,0
31,25 - 45,Felony,African-American,Female,3,3,0
32,25 - 45,Misdemeanor,Other,Female,0,2,0
50,Greater than 45,Felony,Caucasian,Male,1,1,0
52,Greater than 45,Felony,Caucasian,Male,1,1,0
24,Less than 25,Misdemeanor,African-American,Male,1,4,0
38,25 - 45,Felony,African-American,Male,0,3,0
54,Greater than 45,Felony,African-American,Male,11,3,0
71,Greater than 45,Felony,Caucasian,Male,13,1,0
39,25 - 45,Felony,Caucasian,Female,1,1,0
36,25 - 45,Felony,African-American,Female,5,4,1
55,Greater than 45,Felony,African-American,Male,0,1,0
27,25 - 45,Felony,Caucasian,Male,0,3,0
31,25 - 45,Felony,African-American,Female,10,4,0
24,Less than 25,Felony,Caucasian,Male,8,9,0
26,25 - 45,Felony,Caucasian,Male,0,3,0
29,25 - 45,Felony,Caucasian,Male,0,3,0
37,25 - 45,Felony,African-American,Male,0,1,1
46,Greater than 45,Felony,Caucasian,Male,2,1,0
23,Less than 25,Felony,African-American,Male,0,6,1
43,25 - 45,Felony,Caucasian,Male,2,1,0
53,Greater than 45,Misdemeanor,Caucasian,Female,0,1,0
28,25 - 45,Felony,African-American,Male,0,5,0
21,Less than 25,Felony,Caucasian,Male,1,5,0
31,25 - 45,Misdemeanor,Other,Male,0,2,0
35,25 - 45,Felony,African-American,Female,1,1,0
55,Greater than 45,Misdemeanor,Caucasian,Male,3,1,0
28,25 - 45,Misdemeanor,African-American,Male,0,3,0
44,25 - 45,Misdemeanor,Caucasian,Male,0,1,1
23,Less than 25,Misdemeanor,Other,Male,2,9,0
50,Greater than 45,Felony,Caucasian,Male,2,6,0
31,25 - 45,Misdemeanor,African-American,Male,0,3,0
42,25 - 45,Felony,Caucasian,Male,0,1,0
23,Less than 25,Misdemeanor,Hispanic,Male,0,5,0
32,25 - 45,Misdemeanor,Other,Male,0,2,0
67,Greater than 45,Misdemeanor,Caucasian,Male,0,1,0
32,25 - 45,Felony,African-American,Female,11,4,0
44,25 - 45,Felony,African-American,Male,7,3,0
28,25 - 45,Misdemeanor,Caucasian,Male,9,3,0
36,25 - 45,Misdemeanor,Other,Male,8,2,0
25,25 - 45,Misdemeanor,Caucasian,Female,0,4,0
33,25 - 45,Felony,African-American,Male,4,2,0
38,25 - 45,Misdemeanor,Hispanic,Male,0,1,0
52,Greater than 45,Felony,Hispanic,Male,5,1,1
50,Greater than 45,Felony,Caucasian,Male,0,1,0
58,Greater than 45,Felony,Caucasian,Male,1,1,1
27,25 - 45,Misdemeanor,African-American,Male,0,2,0
39,25 - 45,Felony,Caucasian,Male,5,2,0
24,Less than 25,Felony,African-American,Male,0,4,0
38,25 - 45,Misdemeanor,African-American,Male,8,6,0
52,Greater than 45,Felony,Caucasian,Male,7,1,0
47,Greater than 45,Misdemeanor,Caucasian,Male,3,1,0
32,25 - 45,Felony,Caucasian,Male,0,2,0
34,25 - 45,Misdemeanor,African-American,Male,27,3,0
42,25 - 45,Felony,African-American,Male,5,6,0
21,Less than 25,Misdemeanor,Caucasian,Male,0,7,0
52,Greater than 45,Felony,Caucasian,Male,8,1,0
27,25 - 45,Misdemeanor,African-American,Male,1,4,0
27,25 - 45,Misdemeanor,Caucasian,Female,0,3,0
56,Greater than 45,Felony,Caucasian,Male,0,1,0
45,Greater than 45,Misdemeanor,African-American,Male,0,1,0
29,25 - 45,Felony,African-American,Female,0,2,0
21,Less than 25,Felony,Hispanic,Male,0,6,0
27,25 - 45,Felony,African-American,Male,11,6,0
38,25 - 45,Misdemeanor,African-American,Male,4,1,0
30,25 - 45,Felony,Other,Male,0,2,0
19,Less than 25,Felony,African-American,Female,1,7,1
37,25 - 45,Felony,Caucasian,Female,1,1,0
34,25 - 45,Misdemeanor,African-American,Male,0,1,1
21,Less than 25,Felony,African-American,Male,1,7,0
38,25 - 45,Felony,Caucasian,Female,3,2,0
47,Greater than 45,Misdemeanor,African-American,Male,1,5,0
56,Greater than 45,Felony,Caucasian,Male,3,2,0
23,Less than 25,Misdemeanor,African-American,Male,0,8,0
57,Greater than 45,Felony,Caucasian,Male,0,1,0
25,25 - 45,Felony,African-American,Male,9,4,0
23,Less than 25,Felony,African-American,Female,2,9,1
36,25 - 45,Misdemeanor,African-American,Female,2,3,0
41,25 - 45,Misdemeanor,African-American,Male,5,6,0
39,25 - 45,Felony,Other,Female,0,1,0
21,Less than 25,Felony,African-American,Male,1,6,1
31,25 - 45,Misdemeanor,African-American,Male,2,6,0
37,25 - 45,Misdemeanor,Caucasian,Male,0,2,0
27,25 - 45,Felony,African-American,Male,0,4,0
59,Greater than 45,Felony,Caucasian,Male,2,1,0
43,25 - 45,Felony,African-American,Female,2,1,0
43,25 - 45,Misdemeanor,Caucasian,Female,3,1,1
54,Greater than 45,Misdemeanor,Caucasian,Female,1,1,0
36,25 - 45,Misdemeanor,Other,Male,3,3,1
56,Greater than 45,Misdemeanor,African-American,Male,0,1,0
25,25 - 45,Felony,African-American,Male,2,7,0
48,Greater than 45,Felony,African-American,Male,4,3,0
34,25 - 45,Misdemeanor,African-American,Male,21,10,1
28,25 - 45,Felony,Caucasian,Male,0,2,0
32,25 - 45,Felony,Caucasian,Male,1,2,0
31,25 - 45,Felony,Caucasian,Female,2,1,0
32,25 - 45,Felony,Caucasian,Female,4,1,0
48,Greater than 45,Misdemeanor,African-American,Male,0,1,0
35,25 - 45,Felony,African-American,Male,1,1,0
22,Less than 25,Felony,African-American,Male,0,4,0
28,25 - 45,Felony,African-American,Male,4,5,0
26,25 - 45,Misdemeanor,African-American,Male,0,3,0
34,25 - 45,Felony,Caucasian,Male,0,1,0
22,Less than 25,Felony,African-American,Male,3,9,0
44,25 - 45,Felony,Caucasian,Male,5,1,0
57,Greater than 45,Felony,Caucasian,Male,1,1,0
20,Less than 25,Felony,Caucasian,Male,0,7,0
60,Greater than 45,Felony,African-American,Male,13,1,0
22,Less than 25,Felony,African-American,Female,2,7,0
43,25 - 45,Misdemeanor,Hispanic,Male,0,1,0
72,Greater than 45,Felony,Caucasian,Male,7,1,0
60,Greater than 45,Felony,African-American,Male,0,1,0
30,25 - 45,Misdemeanor,African-American,Male,1,6,0
43,25 - 45,Misdemeanor,Caucasian,Female,0,1,0
48,Greater than 45,Misdemeanor,Hispanic,Male,1,1,0
54,Greater than 45,Misdemeanor,Other,Male,0,1,0
45,Greater than 45,Misdemeanor,African-American,Male,1,1,0
36,25 - 45,Felony,Other,Male,0,2,0
31,25 - 45,Misdemeanor,Caucasian,Male,1,1,0
40,25 - 45,Misdemeanor,African-American,Male,0,1,0
50,Greater than 45,Felony,Caucasian,Male,1,1,0
26,25 - 45,Misdemeanor,Other,Female,1,4,0
41,25 - 45,Felony,African-American,Male,7,1,0
28,25 - 45,Felony,Caucasian,Female,0,3,0
35,25 - 45,Misdemeanor,Hispanic,Male,5,1,0
30,25 - 45,Misdemeanor,African-American,Female,0,2,0
45,Greater than 45,Misdemeanor,Caucasian,Male,3,2,1
24,Less than 25,Felony,African-American,Female,2,4,0
56,Greater than 45,Misdemeanor,Caucasian,Male,0,1,0
24,Less than 25,Felony,African-American,Male,14,10,1
38,25 - 45,Felony,African-American,Male,11,2,0
22,Less than 25,Felony,Caucasian,Male,0,5,0
28,25 - 45,Misdemeanor,African-American,Male,5,6,0
25,25 - 45,Misdemeanor,Caucasian,Male,1,4,0
53,Greater than 45,Felony,Hispanic,Male,1,1,0
30,25 - 45,Felony,African-American,Male,0,1,0
33,25 - 45,Felony,Caucasian,Male,0,3,1
35,25 - 45,Felony,African-American,Male,5,3,1
33,25 - 45,Felony,African-American,Female,0,2,0
59,Greater than 45,Misdemeanor,Other,Male,1,1,0
33,25 - 45,Felony,Caucasian,Female,1,5,0
24,Less than 25,Felony,African-American,Male,3,9,1
43,25 - 45,Felony,African-American,Male,5,5,0
37,25 - 45,Misdemeanor,African-American,Male,11,3,1
53,Greater than 45,Felony,African-American,Male,13,6,0
30,25 - 45,Misdemeanor,Caucasian,Female,1,2,0
37,25 - 45,Misdemeanor,Caucasian,Male,4,3,1
25,25 - 45,Felony,Caucasian,Male,0,4,0
26,25 - 45,Felony,Hispanic,Male,1,3,0
28,25 - 45,Misdemeanor,Caucasian,Female,0,2,0
58,Greater than 45,Felony,Caucasian,Male,1,1,0
33,25 - 45,Felony,African-American,Male,8,3,0
38,25 - 45,Felony,African-American,Male,0,1,0
38,25 - 45,Felony,Caucasian,Male,2,2,0
33,25 - 45,Felony,African-American,Male,2,7,1
58,Greater than 45,Misdemeanor,Caucasian,Male,1,1,0
53,Greater than 45,Felony,Caucasian,Male,2,2,0
35,25 - 45,Felony,African-American,Male,6,6,1
39,25 - 45,Felony,Caucasian,Male,1,1,0
36,25 - 45,Misdemeanor,Hispanic,Male,1,4,0
37,25 - 45,Misdemeanor,African-American,Male,0,2,0
39,25 - 45,Felony,Caucasian,Male,0,1,0
52,Greater than 45,Misdemeanor,Caucasian,Female,3,1,0
60,Greater than 45,Misdemeanor,Other,Male,1,1,0
37,25 - 45,Misdemeanor,Hispanic,Male,2,1,0
23,Less than 25,Felony,African-American,Male,6,7,1
28,25 - 45,Felony,African-American,Male,5,4,0
38,25 - 45,Felony,Caucasian,Male,12,3,0
42,25 - 45,Felony,African-American,Male,0,5,0
25,25 - 45,Misdemeanor,Caucasian,Female,0,3,0
32,25 - 45,Felony,African-American,Male,7,9,1
35,25 - 45,Misdemeanor,Caucasian,Female,1,2,0
37,25 - 45,Felony,Caucasian,Male,0,3,0
33,25 - 45,Felony,African-American,Female,2,1,0
51,Greater than 45,Felony,Caucasian,Female,4,1,0
39,25 - 45,Felony,Caucasian,Male,3,2,0
35,25 - 45,Misdemeanor,Hispanic,Male,5,6,1
40,25 - 45,Felony,African-American,Male,3,8,0
37,25 - 45,Misdemeanor,Other,Male,0,1,0
47,Greater than 45,Misdemeanor,Caucasian,Male,5,2,1
23,Less than 25,Misdemeanor,Caucasian,Female,0,5,0
63,Greater than 45,Felony,Caucasian,Male,10,1,1
38,25 - 45,Felony,African-American,Male,16,10,1
31,25 - 45,Felony,African-American,Male,4,3,1
23,Less than 25,Felony,African-American,Male,0,3,0
38,25 - 45,Misdemeanor,Hispanic,Male,1,2,0
47,Greater than 45,Misdemeanor,Caucasian,Female,0,1,0
22,Less than 25,Felony,Caucasian,Male,1,5,0
65,Greater than 45,Misdemeanor,Caucasian,Female,0,1,0
22,Less than 25,Misdemeanor,African-American,Female,0,4,0
34,25 - 45,Misdemeanor,Hispanic,Male,0,1,0
38,25 - 45,Felony,Hispanic,Female,0,1,0
49,Greater than 45,Felony,Hispanic,Male,0,1,0
34,25 - 45,Felony,African-American,Male,5,2,0
21,Less than 25,Felony,African-American,Male,1,9,0
46,Greater than 45,Felony,African-American,Male,9,2,0
57,Greater than 45,Misdemeanor,Caucasian,Male,1,3,0
40,25 - 45,Felony,African-American,Male,21,3,0
30,25 - 45,Felony,African-American,Female,1,1,0
21,Less than 25,Misdemeanor,Caucasian,Male,4,6,1
39,25 - 45,Felony,African-American,Female,22,3,1
24,Less than 25,Felony,African-American,Male,0,4,0
45,Greater than 45,Misdemeanor,Caucasian,Female,0,1,0
51,Greater than 45,Felony,African-American,Male,3,2,0
27,25 - 45,Misdemeanor,Caucasian,Male,0,3,0
32,25 - 45,Felony,African-American,Male,1,3,0
49,Greater than 45,Misdemeanor,Caucasian,Male,0,1,0
29,25 - 45,Felony,African-American,Male,2,2,0
30,25 - 45,Misdemeanor,Asian,Male,6,2,0
30,25 - 45,Misdemeanor,Caucasian,Male,0,5,0
33,25 - 45,Felony,African-American,Male,4,2,0
28,25 - 45,Misdemeanor,African-American,Male,1,3,0
29,25 - 45,Felony,African-American,Male,1,8,0
38,25 - 45,Misdemeanor,Caucasian,Male,0,1,0
37,25 - 45,Felony,Caucasian,Male,0,2,0
30,25 - 45,Felony,Hispanic,Male,0,2,0
51,Greater than 45,Felony,African-American,Male,19,4,0
65,Greater than 45,Misdemeanor,African-American,Male,7,1,0
32,25 - 45,Misdemeanor,African-American,Female,1,1,0
35,25 - 45,Felony,African-American,Male,1,3,0
57,Greater than 45,Felony,Caucasian,Male,1,1,0
26,25 - 45,Felony,Caucasian,Male,1,3,0
36,25 - 45,Misdemeanor,African-American,Female,4,3,1
35,25 - 45,Felony,Caucasian,Male,3,3,1
33,25 - 45,Felony,African-American,Male,0,1,0
47,Greater than 45,Misdemeanor,Caucasian,Male,0,1,0
53,Greater than 45,Misdemeanor,Hispanic,Female,0,1,0
36,25 - 45,Felony,African-American,Female,1,2,1
25,25 - 45,Misdemeanor,Caucasian,Female,0,3,0
52,Greater than 45,Felony,Hispanic,Male,10,7,0
45,Greater than 45,Misdemeanor,African-American,Male,20,2,0
42,25 - 45,Misdemeanor,African-American,Male,10,1,1
49,Greater than 45,Felony,African-American,Male,4,1,0
40,25 - 45,Misdemeanor,Caucasian,Male,0,10,1
23,Less than 25,Felony,African-American,Male,0,7,0
31,25 - 45,Misdemeanor,Caucasian,Male,3,4,0
28,25 - 45,Misdemeanor,African-American,Female,0,2,0
45,Greater than 45,Felony,Caucasian,Male,0,1,0
39,25 - 45,Felony,African-American,Male,7,6,1
24,Less than 25,Felony,African-American,Male,1,4,0
46,Greater than 45,Felony,Caucasian,Male,1,1,0
47,Greater than 45,Felony,Caucasian,Male,3,1,0
34,25 - 45,Misdemeanor,Caucasian,Female,0,1,0
34,25 - 45,Misdemeanor,Hispanic,Male,3,2,0
29,25 - 45,Misdemeanor,African-American,Male,0,3,0
55,Greater than 45,Felony,African-American,Female,1,1,0
26,25 - 45,Misdemeanor,African-American,Male,0,3,0
24,Less than 25,Felony,African-American,Male,1,7,0
29,25 - 45,Misdemeanor,Caucasian,Male,0,2,0
31,25 - 45,Misdemeanor,Other,Male,0,2,0
26,25 - 45,Felony,Caucasian,Male,2,8,0
54,Greater than 45,Felony,Caucasian,Male,2,1,0
33,25 - 45,Felony,African-American,Male,14,4,1
35,25 - 45,Felony,African-American,Male,8,8,0
25,25 - 45,Felony,African-American,Male,0,3,0
25,25 - 45,Felony,African-American,Male,0,3,0
53,Greater than 45,Misdemeanor,Caucasian,Male,0,1,0
41,25 - 45,Felony,Caucasian,Male,0,1,0
24,Less than 25,Felony,Caucasian,Male,1,3,0
23,Less than 25,Misdemeanor,Caucasian,Male,0,4,0
42,25 - 45,Felony,African-American,Male,0,1,0
32,25 - 45,Misdemeanor,African-American,Female,3,4,0
40,25 - 45,Felony,African-American,Male,13,3,0
27,25 - 45,Felony,African-American,Male,2,4,0
32,25 - 45,Misdemeanor,African-American,Male,1,2,1
29,25 - 45,Felony,Caucasian,Male,2,3,0
49,Greater than 45,Misdemeanor,African-American,Male,0,1,0
50,Greater than 45,Felony,Caucasian,Male,0,1,0
28,25 - 45,Felony,Caucasian,Female,1,3,0
25,25 - 45,Misdemeanor,African-American,Male,0,3,1
25,25 - 45,Misdemeanor,African-American,Male,4,3,1
45,Greater than 45,Felony,Caucasian,Male,2,1,0
37,25 - 45,Felony,Other,Male,2,1,0
24,Less than 25,Misdemeanor,Hispanic,Male,0,3,0
40,25 - 45,Misdemeanor,Caucasian,Male,2,1,0
33,25 - 45,Felony,Hispanic,Female,0,1,0
53,Greater than 45,Felony,Hispanic,Male,18,1,0
55,Greater than 45,Misdemeanor,Hispanic,Male,0,1,0
30,25 - 45,Felony,Other,Male,6,7,1
55,Greater than 45,Misdemeanor,Caucasian,Male,0,1,0
23,Less than 25,Felony,African-American,Female,1,4,0
32,25 - 45,Felony,Caucasian,Male,2,1,0
47,Greater than 45,Felony,Caucasian,Male,3,1,0
22,Less than 25,Felony,African-American,Male,1,7,0
47,Greater than 45,Felony,Caucasian,Male,2,2,0
28,25 - 45,Felony,African-American,Male,5,4,0
34,25 - 45,Misdemeanor,African-American,Male,4,2,0
65,Greater than 45,Misdemeanor,Caucasian,Male,0,1,0
23,Less than 25,Misdemeanor,Caucasian,Female,0,3,0
44,25 - 45,Misdemeanor,Caucasian,Female,0,1,0
24,Less than 25,Misdemeanor,African-American,Male,1,5,0
51,Greater than 45,Misdemeanor,Caucasian,Male,1,1,0
39,25 - 45,Felony,Caucasian,Male,6,2,0
24,Less than 25,Felony,Caucasian,Male,1,4,0
31,25 - 45,Felony,African-American,Male,11,7,1
35,25 - 45,Misdemeanor,African-American,Female,0,1,0
30,25 - 45,Felony,Other,Male,0,1,0
39,25 - 45,Felony,African-American,Female,4,1,0
51,Greater than 45,Misdemeanor,Caucasian,Male,0,1,0
22,Less than 25,Felony,Caucasian,Male,1,5,0
29,25 - 45,Felony,Caucasian,Male,2,3,0
33,25 - 45,Misdemeanor,Caucasian,Male,3,3,1
54,Greater than 45,Felony,Other,Male,0,1,0
48,Greater than 45,Felony,African-American,Male,10,1,0
23,Less than 25,Misdemeanor,African-American,Male,0,7,0
23,Less than 25,Felony,Caucasian,Male,2,6,1
47,Greater than 45,Misdemeanor,Asian,Male,1,1,0
21,Less than 25,Felony,Other,Male,0,6,0
48,Greater than 45,Felony,Caucasian,Male,2,1,0
50,Greater than 45,Felony,Caucasian,Male,3,1,0
49,Greater than 45,Felony,African-American,Male,13,2,0
58,Greater than 45,Felony,Caucasian,Male,2,2,0
31,25 - 45,Felony,African-American,Male,6,6,0
23,Less than 25,Misdemeanor,African-American,Male,1,5,0
33,25 - 45,Felony,Other,Male,0,2,1
57,Greater than 45,Felony,Caucasian,Male,6,2,0
31,25 - 45,Misdemeanor,Caucasian,Female,0,2,0
57,Greater than 45,Felony,African-American,Male,19,1,0
57,Greater than 45,Misdemeanor,Caucasian,Male,12,1,0
45,Greater than 45,Felony,African-American,Male,11,3,0
42,25 - 45,Felony,Caucasian,Male,0,2,0
48,Greater than 45,Felony,Other,Male,7,2,0
28,25 - 45,Felony,Caucasian,Female,0,2,0
25,25 - 45,Misdemeanor,African-American,Male,1,3,1
34,25 - 45,Misdemeanor,Caucasian,Female,3,2,0
27,25 - 45,Felony,African-American,Male,0,4,0
39,25 - 45,Felony,African-American,Male,4,2,0
27,25 - 45,Felony,African-American,Male,4,6,1
26,25 - 45,Felony,Caucasian,Male,2,8,1
27,25 - 45,Misdemeanor,Caucasian,Male,0,2,0
29,25 - 45,Felony,African-American,Male,4,2,0
27,25 - 45,Felony,African-American,Male,7,4,0
24,Less than 25,Felony,Caucasian,Female,0,5,0
20,Less than 25,Felony,Caucasian,Male,0,6,0
23,Less than 25,Felony,Caucasian,Female,0,3,0
48,Greater than 45,Misdemeanor,African-American,Female,0,1,0
41,25 - 45,Felony,Caucasian,Female,3,2,0
22,Less than 25,Felony,Caucasian,Female,2,4,0
32,25 - 45,Felony,African-American,Male,7,1,0
44,25 - 45,Misdemeanor,African-American,Male,0,1,0
60,Greater than 45,Misdemeanor,African-American,Male,3,1,0
49,Greater than 45,Felony,Caucasian,Male,0,1,0
30,25 - 45,Misdemeanor,African-American,Male,10,5,1
52,Greater than 45,Felony,Caucasian,Male,0,1,0
34,25 - 45,Felony,African-American,Male,0,9,0
55,Greater than 45,Felony,African-American,Male,5,1,1
33,25 - 45,Misdemeanor,African-American,Male,0,7,0
27,25 - 45,Misdemeanor,African-American,Female,0,2,0
33,25 - 45,Felony,Caucasian,Male,0,2,0
26,25 - 45,Misdemeanor,African-American,Male,0,2,0
29,25 - 45,Misdemeanor,African-American,Male,0,2,0
32,25 - 45,Misdemeanor,African-American,Male,1,4,0
37,25 - 45,Misdemeanor,Caucasian,Male,4,1,0
31,25 - 45,Felony,African-American,Male,15,7,0
31,25 - 45,Felony,African-American,Male,6,2,0
36,25 - 45,Felony,Caucasian,Female,2,3,0
37,25 - 45,Felony,African-American,Female,1,1,0
34,25 - 45,Misdemeanor,Caucasian,Male,5,4,1
45,Greater than 45,Felony,African-American,Female,1,1,0
70,Greater than 45,Misdemeanor,African-American,Male,0,1,0
23,Less than 25,Felony,African-American,Male,4,9,0
27,25 - 45,Misdemeanor,Caucasian,Male,5,3,0
26,25 - 45,Misdemeanor,African-American,Male,0,3,0
23,Less than 25,Misdemeanor,Caucasian,Female,2,4,0
46,Greater than 45,Felony,Caucasian,Female,1,1,0
27,25 - 45,Felony,African-American,Female,1,4,0
45,Greater than 45,Felony,Caucasian,Male,7,2,0
42,25 - 45,Misdemeanor,African-American,Male,1,2,0
49,Greater than 45,Felony,Caucasian,Male,3,2,0
29,25 - 45,Felony,Hispanic,Male,0,2,0
52,Greater than 45,Felony,Caucasian,Female,1,1,0
37,25 - 45,Misdemeanor,Hispanic,Male,4,1,1
26,25 - 45,Misdemeanor,African-American,Male,1,4,0
47,Greater than 45,Felony,Hispanic,Male,1,1,0
25,25 - 45,Felony,African-American,Male,1,6,0
21,Less than 25,Felony,African-American,Male,1,9,1
48,Greater than 45,Misdemeanor,African-American,Male,0,1,0
24,Less than 25,Felony,Other,Female,0,3,0
22,Less than 25,Felony,African-American,Male,0,5,1
38,25 - 45,Misdemeanor,Caucasian,Male,2,1,0
54,Greater than 45,Misdemeanor,Other,Male,2,1,0
24,Less than 25,Felony,Hispanic,Male,1,4,0
44,25 - 45,Misdemeanor,Caucasian,Female,0,1,1
64,Greater than 45,Misdemeanor,Caucasian,Male,0,1,0
45,Greater than 45,Misdemeanor,Other,Female,0,1,0
49,Greater than 45,Felony,African-American,Male,1,6,0
33,25 - 45,Misdemeanor,Asian,Male,0,1,0
44,25 - 45,Felony,Hispanic,Male,2,1,0
51,Greater than 45,Felony,African-American,Male,3,1,0
50,Greater than 45,Felony,African-American,Male,0,1,0
33,25 - 45,Misdemeanor,Caucasian,Male,2,2,0
54,Greater than 45,Misdemeanor,Caucasian,Female,0,1,0
34,25 - 45,Felony,Caucasian,Male,3,1,0
21,Less than 25,Felony,African-American,Male,1,8,1
33,25 - 45,Felony,African-American,Male,5,2,0
32,25 - 45,Misdemeanor,African-American,Male,9,4,1
45,Greater than 45,Misdemeanor,Caucasian,Male,1,1,0
29,25 - 45,Felony,African-American,Female,0,7,0
28,25 - 45,Felony,African-American,Female,0,3,0
27,25 - 45,Felony,Caucasian,Male,1,2,0
30,25 - 45,Felony,African-American,Female,0,3,0
32,25 - 45,Misdemeanor,African-American,Male,0,2,0
27,25 - 45,Felony,Caucasian,Male,5,3,0
62,Greater than 45,Felony,Other,Female,1,1,0
21,Less than 25,Felony,African-American,Male,0,7,0
32,25 - 45,Misdemeanor,Caucasian,Male,0,1,0
56,Greater than 45,Misdemeanor,African-American,Male,3,1,0
44,25 - 45,Misdemeanor,African-American,Female,0,1,0
25,25 - 45,Felony,Caucasian,Female,6,4,0
20,Less than 25,Misdemeanor,African-American,Female,0,7,0
35,25 - 45,Misdemeanor,African-American,Male,1,5,0
24,Less than 25,Misdemeanor,African-American,Male,0,4,0
40,25 - 45,Misdemeanor,Hispanic,Female,2,1,0
38,25 - 45,Felony,African-American,Male,9,4,1
36,25 - 45,Felony,Caucasian,Male,9,4,1
23,Less than 25,Felony,Hispanic,Male,2,5,0
23,Less than 25,Misdemeanor,Caucasian,Male,3,6,1
68,Greater than 45,Felony,African-American,Female,5,1,0
26,25 - 45,Misdemeanor,Caucasian,Female,2,4,0
51,Greater than 45,Felony,African-American,Male,0,1,1
25,25 - 45,Misdemeanor,African-American,Male,0,3,0
51,Greater than 45,Felony,African-American,Male,14,2,0
36,25 - 45,Misdemeanor,Other,Male,0,1,0
20,Less than 25,Felony,African-American,Male,0,6,0
31,25 - 45,Felony,African-American,Female,0,2,0
57,Greater than 45,Misdemeanor,African-American,Male,0,1,0
35,25 - 45,Felony,Hispanic,Male,3,2,1
39,25 - 45,Felony,Caucasian,Male,0,2,0
24,Less than 25,Felony,African-American,Male,1,7,0
29,25 - 45,Felony,Hispanic,Female,0,2,1
26,25 - 45,Felony,African-American,Male,4,3,1
60,Greater than 45,Felony,African-American,Male,2,1,0
22,Less than 25,Felony,Caucasian,Male,1,7,0
28,25 - 45,Felony,African-American,Male,3,8,0
28,25 - 45,Felony,African-American,Male,2,3,0
55,Greater than 45,Misdemeanor,Caucasian,Male,0,1,1
28,25 - 45,Felony,Hispanic,Male,2,2,1
22,Less than 25,Misdemeanor,Hispanic,Female,0,4,0
24,Less than 25,Misdemeanor,African-American,Male,1,6,1
47,Greater than 45,Felony,African-American,Male,1,3,0
54,Greater than 45,Felony,Caucasian,Male,6,1,0
42,25 - 45,Misdemeanor,Caucasian,Female,0,1,0
35,25 - 45,Felony,Caucasian,Male,5,2,0
53,Greater than 45,Felony,Caucasian,Male,1,1,0
31,25 - 45,Misdemeanor,African-American,Female,2,2,0
23,Less than 25,Felony,Other,Male,4,10,0
47,Greater than 45,Felony,African-American,Male,9,2,0
22,Less than 25,Felony,African-American,Female,2,8,0
45,Greater than 45,Misdemeanor,Hispanic,Male,1,1,0
30,25 - 45,Felony,African-American,Female,2,2,0
50,Greater than 45,Misdemeanor,African-American,Male,0,1,0
24,Less than 25,Felony,Other,Female,2,3,1
42,25 - 45,Felony,Caucasian,Female,3,1,0
31,25 - 45,Misdemeanor,Hispanic,Male,0,1,0
25,25 - 45,Felony,African-American,Male,5,6,1
36,25 - 45,Felony,African-American,Male,4,3,0
28,25 - 45,Felony,Caucasian,Male,5,4,0
31,25 - 45,Misdemeanor,Caucasian,Male,0,1,1
23,Less than 25,Felony,African-American,Male,0,6,0
29,25 - 45,Misdemeanor,Caucasian,Male,4,3,1
34,25 - 45,Felony,African-American,Male,1,3,0
36,25 - 45,Misdemeanor,Hispanic,Female,0,1,0
23,Less than 25,Felony,African-American,Male,3,8,1
31,25 - 45,Felony,African-American,Male,15,3,0
53,Greater than 45,Misdemeanor,Caucasian,Male,0,1,0
34,25 - 45,Felony,African-American,Male,12,5,0
63,Greater than 45,Felony,African-American,Female,1,1,0
21,Less than 25,Felony,African-American,Female,0,6,1
58,Greater than 45,Felony,Caucasian,Male,4,3,1
23,Less than 25,Misdemeanor,African-American,Female,0,4,0
56,Greater than 45,Felony,Caucasian,Male,13,1,0
52,Greater than 45,Felony,Caucasian,Female,0,1,0
56,Greater than 45,Felony,African-American,Male,0,1,0
37,25 - 45,Misdemeanor,African-American,Female,0,1,0
50,Greater than 45,Misdemeanor,Caucasian,Female,0,1,0
22,Less than 25,Felony,African-American,Male,0,5,1
43,25 - 45,Misdemeanor,Caucasian,Female,0,1,1
30,25 - 45,Misdemeanor,Caucasian,Male,1,2,0
29,25 - 45,Felony,Asian,Male,0,2,0
24,Less than 25,Felony,Caucasian,Male,0,3,0
29,25 - 45,Misdemeanor,African-American,Male,7,3,1
24,Less than 25,Felony,Caucasian,Female,0,5,0
74,Greater than 45,Felony,African-American,Female,0,1,0
27,25 - 45,Misdemeanor,African-American,Male,8,5,1
29,25 - 45,Felony,Caucasian,Male,5,3,0
35,25 - 45,Felony,African-American,Female,5,3,0
36,25 - 45,Felony,Caucasian,Male,1,1,0
26,25 - 45,Felony,Caucasian,Male,2,7,0
26,25 - 45,Felony,African-American,Female,1,4,0
28,25 - 45,Felony,Caucasian,Male,0,2,0
51,Greater than 45,Felony,Caucasian,Male,1,1,1
35,25 - 45,Misdemeanor,Hispanic,Female,0,1,0
23,Less than 25,Misdemeanor,African-American,Female,0,3,0
23,Less than 25,Misdemeanor,Hispanic,Female,2,6,0
33,25 - 45,Felony,African-American,Female,5,5,0
59,Greater than 45,Misdemeanor,Caucasian,Male,3,1,0
26,25 - 45,Felony,Caucasian,Male,4,3,1
38,25 - 45,Felony,Other,Male,2,1,0
28,25 - 45,Felony,Hispanic,Male,2,6,0
40,25 - 45,Misdemeanor,Caucasian,Male,1,3,0
26,25 - 45,Felony,African-American,Female,0,4,0
54,Greater than 45,Felony,African-American,Female,6,1,0
31,25 - 45,Misdemeanor,Caucasian,Male,4,7,1
34,25 - 45,Felony,Caucasian,Male,0,2,0
47,Greater than 45,Felony,Caucasian,Male,2,1,0
51,Greater than 45,Felony,African-American,Male,12,3,1
25,25 - 45,Felony,Caucasian,Male,1,3,0
25,25 - 45,Felony,Other,Male,0,4,1
36,25 - 45,Felony,Caucasian,Male,1,3,0
49,Greater than 45,Misdemeanor,Caucasian,Male,0,1,0
31,25 - 45,Felony,African-American,Male,0,4,0
30,25 - 45,Felony,Caucasian,Male,1,3,0
21,Less than 25,Felony,African-American,Male,1,8,1
21,Less than 25,Felony,African-American,Male,0,6,0
65,Greater than 45,Felony,African-American,Female,0,1,0
59,Greater than 45,Misdemeanor,Caucasian,Female,0,1,0
59,Greater than 45,Misdemeanor,African-American,Male,0,1,0
24,Less than 25,Misdemeanor,African-American,Male,0,7,0
40,25 - 45,Felony,African-American,Male,0,1,0
34,25 - 45,Felony,African-American,Male,10,4,1
52,Greater than 45,Felony,African-American,Male,1,1,0
38,25 - 45,Felony,African-American,Male,2,1,1
22,Less than 25,Felony,African-American,Female,0,8,0
43,25 - 45,Felony,African-American,Male,0,3,0
55,Greater than 45,Felony,African-American,Male,0,1,0
26,25 - 45,Felony,African-American,Male,2,3,0
23,Less than 25,Misdemeanor,Caucasian,Male,1,3,0
47,Greater than 45,Felony,Other,Female,0,1,0
26,25 - 45,Felony,African-American,Male,0,3,0
21,Less than 25,Misdemeanor,Caucasian,Male,0,5,0
32,25 - 45,Misdemeanor,Caucasian,Female,0,1,0
51,Greater than 45,Felony,African-American,Male,3,1,0
35,25 - 45,Felony,Caucasian,Male,2,2,0
37,25 - 45,Felony,African-American,Female,3,1,0
24,Less than 25,Misdemeanor,African-American,Male,0,8,1
33,25 - 45,Misdemeanor,African-American,Female,3,3,0
30,25 - 45,Felony,Caucasian,Female,4,5,0
42,25 - 45,Felony,African-American,Female,1,1,0
40,25 - 45,Felony,African-American,Female,15,6,1
21,Less than 25,Felony,African-American,Male,0,8,0
24,Less than 25,Felony,Caucasian,Male,0,3,0
41,25 - 45,Felony,African-American,Male,0,1,0
39,25 - 45,Felony,African-American,Male,1,2,0
24,Less than 25,Felony,African-American,Female,3,10,0
24,Less than 25,Felony,African-American,Female,1,4,0
26,25 - 45,Misdemeanor,Other,Female,4,4,1
44,25 - 45,Misdemeanor,African-American,Male,0,4,0
42,25 - 45,Felony,Caucasian,Male,0,1,0
45,Greater than 45,Misdemeanor,Caucasian,Male,1,1,0
25,25 - 45,Felony,African-American,Male,7,10,1
33,25 - 45,Felony,Caucasian,Male,0,1,0
25,25 - 45,Misdemeanor,Caucasian,Male,0,4,0
32,25 - 45,Felony,African-American,Male,5,2,0
23,Less than 25,Felony,African-American,Male,0,5,0
39,25 - 45,Misdemeanor,Caucasian,Male,0,2,0
27,25 - 45,Felony,African-American,Male,12,4,1
35,25 - 45,Misdemeanor,Caucasian,Female,4,2,0
38,25 - 45,Misdemeanor,African-American,Female,0,1,0
30,25 - 45,Felony,African-American,Male,4,2,0
30,25 - 45,Felony,Caucasian,Male,1,2,0
30,25 - 45,Misdemeanor,Caucasian,Female,0,5,0
31,25 - 45,Felony,African-American,Male,2,2,0
34,25 - 45,Felony,Other,Male,0,2,0
25,25 - 45,Misdemeanor,African-American,Female,0,4,0
26,25 - 45,Felony,Caucasian,Female,1,4,0
37,25 - 45,Misdemeanor,African-American,Female,0,1,0
34,25 - 45,Misdemeanor,Caucasian,Male,3,5,0
38,25 - 45,Felony,Hispanic,Female,0,1,0
31,25 - 45,Misdemeanor,African-American,Female,0,5,0
29,25 - 45,Misdemeanor,Caucasian,Female,0,2,0
22,Less than 25,Felony,African-American,Male,0,6,0
51,Greater than 45,Misdemeanor,Hispanic,Female,0,1,0
47,Greater than 45,Felony,African-American,Male,0,6,1
21,Less than 25,Misdemeanor,African-American,Male,1,6,0
23,Less than 25,Felony,African-American,Male,5,9,1
23,Less than 25,Misdemeanor,Other,Male,0,4,0
24,Less than 25,Misdemeanor,Caucasian,Female,0,6,0
23,Less than 25,Misdemeanor,Hispanic,Female,0,5,0
19,Less than 25,Misdemeanor,African-American,Female,0,6,1
32,25 - 45,Felony,Caucasian,Male,0,2,1
39,25 - 45,Misdemeanor,Caucasian,Female,0,1,1
33,25 - 45,Felony,African-American,Male,2,7,0
36,25 - 45,Misdemeanor,Caucasian,Female,0,1,0
40,25 - 45,Felony,Caucasian,Female,0,1,0
53,Greater than 45,Felony,African-American,Male,4,1,0
28,25 - 45,Misdemeanor,Caucasian,Female,0,2,0
38,25 - 45,Misdemeanor,Hispanic,Male,2,1,0
55,Greater than 45,Felony,Caucasian,Male,0,1,0
22,Less than 25,Misdemeanor,African-American,Male,1,6,0
34,25 - 45,Felony,African-American,Female,1,1,0
55,Greater than 45,Misdemeanor,Caucasian,Male,1,3,0
24,Less than 25,Felony,Hispanic,Male,2,6,0
41,25 - 45,Misdemeanor,Other,Male,0,1,0
41,25 - 45,Felony,Hispanic,Male,0,1,0
61,Greater than 45,Felony,African-American,Male,12,4,0
57,Greater than 45,Felony,African-American,Male,3,1,0
38,25 - 45,Misdemeanor,Caucasian,Female,2,2,0
23,Less than 25,Felony,African-American,Male,0,3,1
23,Less than 25,Felony,Caucasian,Male,3,6,0
20,Less than 25,Felony,African-American,Male,0,5,0
44,25 - 45,Felony,Caucasian,Male,1,5,0
38,25 - 45,Misdemeanor,Caucasian,Female,1,1,0
32,25 - 45,Felony,Other,Male,0,2,0
29,25 - 45,Felony,African-American,Male,0,3,0
23,Less than 25,Felony,African-American,Male,3,8,1
24,Less than 25,Felony,Caucasian,Male,1,4,0
45,Greater than 45,Misdemeanor,Other,Male,0,1,0
21,Less than 25,Felony,African-American,Male,2,7,0
29,25 - 45,Misdemeanor,African-American,Female,0,2,0
25,25 - 45,Felony,African-American,Male,1,4,0
46,Greater than 45,Felony,Hispanic,Male,13,2,0
27,25 - 45,Felony,Caucasian,Male,2,3,0
37,25 - 45,Felony,Hispanic,Male,1,1,0
21,Less than 25,Felony,Caucasian,Male,0,5,1
28,25 - 45,Felony,African-American,Female,4,3,0
28,25 - 45,Misdemeanor,African-American,Female,0,2,0
58,Greater than 45,Misdemeanor,Caucasian,Male,3,1,0
22,Less than 25,Felony,Caucasian,Male,0,5,1
31,25 - 45,Felony,African-American,Male,5,3,0
33,25 - 45,Felony,African-American,Male,0,3,0
23,Less than 25,Misdemeanor,African-American,Female,1,5,0
32,25 - 45,Felony,Caucasian,Male,11,9,0
22,Less than 25,Felony,Caucasian,Male,0,8,0
35,25 - 45,Felony,African-American,Female,2,1,0
35,25 - 45,Felony,Hispanic,Male,2,1,0
54,Greater than 45,Misdemeanor,Caucasian,Female,1,1,0
29,25 - 45,Felony,Caucasian,Male,0,3,0
36,25 - 45,Misdemeanor,African-American,Female,0,2,0
25,25 - 45,Felony,African-American,Male,0,5,0
29,25 - 45,Misdemeanor,African-American,Male,2,3,0
31,25 - 45,Felony,Hispanic,Male,0,9,1
39,25 - 45,Misdemeanor,Caucasian,Male,0,2,0
23,Less than 25,Felony,African-American,Female,0,4,0
23,Less than 25,Felony,African-American,Female,1,4,0
37,25 - 45,Misdemeanor,Hispanic,Female,0,3,0
30,25 - 45,Felony,African-American,Male,9,2,1
23,Less than 25,Felony,African-American,Male,1,5,0
27,25 - 45,Felony,African-American,Female,0,3,1
38,25 - 45,Misdemeanor,African-American,Male,10,2,0
42,25 - 45,Felony,African-American,Male,1,1,0
31,25 - 45,Felony,African-American,Male,0,2,0
43,25 - 45,Misdemeanor,African-American,Male,1,4,1
39,25 - 45,Felony,Caucasian,Male,0,1,0
31,25 - 45,Misdemeanor,African-American,Male,0,2,0
33,25 - 45,Felony,African-American,Female,0,2,0
23,Less than 25,Felony,African-American,Male,1,8,1
29,25 - 45,Felony,Caucasian,Female,0,3,0
62,Greater than 45,Felony,Caucasian,Male,2,1,0
44,25 - 45,Misdemeanor,Caucasian,Female,0,1,0
30,25 - 45,Felony,African-American,Male,0,3,0
51,Greater than 45,Felony,Caucasian,Male,3,3,0
21,Less than 25,Felony,African-American,Male,0,6,0
27,25 - 45,Felony,African-American,Male,3,5,1
28,25 - 45,Felony,Hispanic,Male,0,2,0
31,25 - 45,Felony,African-American,Female,0,1,0
49,Greater than 45,Felony,Caucasian,Female,2,1,0
41,25 - 45,Felony,Other,Female,2,3,0
20,Less than 25,Misdemeanor,Caucasian,Male,0,7,0
23,Less than 25,Felony,African-American,Male,4,9,1
26,25 - 45,Misdemeanor,Caucasian,Male,0,3,0
28,25 - 45,Misdemeanor,Caucasian,Male,1,2,0
52,Greater than 45,Misdemeanor,African-American,Male,4,1,0
36,25 - 45,Misdemeanor,Hispanic,Male,1,3,0
22,Less than 25,Felony,African-American,Male,0,4,0
24,Less than 25,Felony,Caucasian,Male,2,5,0
34,25 - 45,Felony,African-American,Female,6,2,0
51,Greater than 45,Misdemeanor,African-American,Male,8,1,0
28,25 - 45,Felony,African-American,Male,0,3,0
23,Less than 25,Felony,Caucasian,Male,0,5,0
25,25 - 45,Felony,Caucasian,Male,2,3,0
28,25 - 45,Felony,Caucasian,Male,2,8,0
32,25 - 45,Misdemeanor,African-American,Female,0,1,1
35,25 - 45,Felony,African-American,Male,7,3,0
33,25 - 45,Misdemeanor,African-American,Male,16,9,1
30,25 - 45,Felony,Other,Male,1,2,0
58,Greater than 45,Misdemeanor,Caucasian,Female,1,1,0
22,Less than 25,Felony,African-American,Male,2,6,0
28,25 - 45,Felony,Caucasian,Male,2,3,1
26,25 - 45,Felony,African-American,Male,6,9,1
23,Less than 25,Felony,Caucasian,Male,0,9,0
26,25 - 45,Felony,African-American,Male,0,3,0
25,25 - 45,Felony,African-American,Male,1,6,0
40,25 - 45,Misdemeanor,Native American,Male,2,2,0
56,Greater than 45,Felony,African-American,Male,1,1,0
36,25 - 45,Felony,African-American,Male,0,3,0
51,Greater than 45,Misdemeanor,Caucasian,Male,0,1,0
35,25 - 45,Felony,African-American,Female,9,7,0
22,Less than 25,Felony,Caucasian,Male,2,7,1
25,25 - 45,Felony,Caucasian,Male,3,5,0
52,Greater than 45,Misdemeanor,Caucasian,Female,0,1,0
35,25 - 45,Felony,Hispanic,Male,0,4,0
24,Less than 25,Felony,Caucasian,Female,0,2,0
57,Greater than 45,Felony,Other,Male,0,1,0
38,25 - 45,Felony,Caucasian,Male,2,1,0
26,25 - 45,Misdemeanor,Hispanic,Male,1,3,0
34,25 - 45,Felony,African-American,Male,2,1,0
24,Less than 25,Felony,Caucasian,Female,0,4,0
49,Greater than 45,Misdemeanor,Caucasian,Male,4,4,1
55,Greater than 45,Felony,Caucasian,Male,0,1,0
55,Greater than 45,Misdemeanor,African-American,Male,10,4,1
32,25 - 45,Felony,African-American,Male,9,8,0
55,Greater than 45,Felony,Caucasian,Male,0,1,0
23,Less than 25,Misdemeanor,African-American,Male,3,6,0
54,Greater than 45,Felony,Caucasian,Male,2,2,1
40,25 - 45,Felony,Asian,Male,0,1,0
27,25 - 45,Misdemeanor,African-American,Male,0,3,1
29,25 - 45,Felony,African-American,Female,5,3,0
45,Greater than 45,Misdemeanor,Caucasian,Female,0,1,0
25,25 - 45,Misdemeanor,Other,Male,2,6,0
40,25 - 45,Felony,Caucasian,Male,4,5,1
38,25 - 45,Felony,African-American,Male,7,4,1
60,Greater than 45,Felony,Caucasian,Male,0,5,0
26,25 - 45,Felony,African-American,Male,3,8,1
37,25 - 45,Felony,African-American,Female,0,1,0
41,25 - 45,Felony,Caucasian,Male,1,1,0
33,25 - 45,Felony,Other,Female,0,1,0
57,Greater than 45,Felony,African-American,Male,1,1,0
34,25 - 45,Misdemeanor,African-American,Male,3,7,0
29,25 - 45,Felony,African-American,Male,1,5,1
45,Greater than 45,Felony,Hispanic,Male,8,5,0
22,Less than 25,Felony,Caucasian,Male,1,5,0
21,Less than 25,Misdemeanor,African-American,Male,0,6,0
56,Greater than 45,Misdemeanor,Caucasian,Male,1,1,0
48,Greater than 45,Felony,African-American,Male,4,3,0
27,25 - 45,Misdemeanor,Hispanic,Male,1,2,0
34,25 - 45,Felony,Hispanic,Male,1,2,0
33,25 - 45,Misdemeanor,African-American,Male,6,3,1
58,Greater than 45,Felony,Caucasian,Male,1,1,0
33,25 - 45,Felony,African-American,Female,1,2,0
40,25 - 45,Misdemeanor,African-American,Female,2,1,0
22,Less than 25,Felony,Caucasian,Male,0,6,0
39,25 - 45,Felony,Caucasian,Male,2,1,0
35,25 - 45,Felony,Caucasian,Male,1,1,0
22,Less than 25,Misdemeanor,Hispanic,Male,0,5,0
37,25 - 45,Misdemeanor,Hispanic,Male,4,3,0
60,Greater than 45,Felony,Hispanic,Male,0,1,0
39,25 - 45,Felony,Caucasian,Female,1,4,0
70,Greater than 45,Felony,Other,Female,0,1,0
53,Greater than 45,Felony,African-American,Male,6,2,0
37,25 - 45,Felony,Caucasian,Male,0,3,0
28,25 - 45,Felony,African-American,Male,1,4,0
21,Less than 25,Felony,African-American,Male,1,7,0
56,Greater than 45,Felony,African-American,Male,0,2,0
30,25 - 45,Misdemeanor,Caucasian,Male,3,2,0
27,25 - 45,Felony,African-American,Male,1,9,0
41,25 - 45,Misdemeanor,African-American,Male,7,3,1
32,25 - 45,Felony,African-American,Male,7,6,1
32,25 - 45,Felony,African-American,Male,3,5,0
46,Greater than 45,Felony,African-American,Male,3,1,0
24,Less than 25,Felony,African-American,Male,1,3,1
50,Greater than 45,Felony,Caucasian,Male,3,1,0
37,25 - 45,Misdemeanor,African-American,Male,3,3,0
37,25 - 45,Felony,Hispanic,Male,1,1,0
40,25 - 45,Misdemeanor,Caucasian,Male,3,3,0
53,Greater than 45,Misdemeanor,Caucasian,Female,0,1,0
33,25 - 45,Misdemeanor,African-American,Male,4,1,0
22,Less than 25,Misdemeanor,African-American,Female,0,5,0
25,25 - 45,Misdemeanor,African-American,Male,5,6,1
24,Less than 25,Felony,Caucasian,Male,2,4,0
26,25 - 45,Felony,African-American,Female,1,6,0
24,Less than 25,Felony,Caucasian,Male,1,4,1
26,25 - 45,Misdemeanor,Caucasian,Male,5,6,0
64,Greater than 45,Misdemeanor,African-American,Male,13,2,0
24,Less than 25,Felony,Caucasian,Male,0,3,0
57,Greater than 45,Misdemeanor,Caucasian,Female,0,1,0
46,Greater than 45,Misdemeanor,Caucasian,Female,0,1,0
56,Greater than 45,Felony,African-American,Male,16,2,0
39,25 - 45,Misdemeanor,Caucasian,Female,0,1,0
68,Greater than 45,Misdemeanor,Caucasian,Male,4,1,0
28,25 - 45,Misdemeanor,African-American,Male,1,3,1
38,25 - 45,Misdemeanor,Caucasian,Male,0,1,0
25,25 - 45,Misdemeanor,African-American,Female,3,8,0
25,25 - 45,Felony,Caucasian,Male,2,4,0
31,25 - 45,Felony,Caucasian,Male,2,5,0
35,25 - 45,Felony,African-American,Female,13,5,0
34,25 - 45,Misdemeanor,African-American,Male,19,4,0
57,Greater than 45,Misdemeanor,Other,Male,0,1,0
42,25 - 45,Felony,African-American,Female,1,1,0
41,25 - 45,Felony,African-American,Male,24,3,1
27,25 - 45,Felony,Caucasian,Male,0,3,0
34,25 - 45,Felony,Caucasian,Male,5,2,0
50,Greater than 45,Misdemeanor,Hispanic,Male,0,1,0
25,25 - 45,Felony,Caucasian,Male,6,6,1
27,25 - 45,Felony,African-American,Male,2,6,0
27,25 - 45,Felony,African-American,Male,0,6,0
30,25 - 45,Felony,Caucasian,Male,0,2,0
24,Less than 25,Felony,African-American,Male,3,7,0
39,25 - 45,Misdemeanor,African-American,Male,0,1,0
26,25 - 45,Felony,African-American,Male,24,7,1
30,25 - 45,Felony,Other,Male,2,2,0
20,Less than 25,Felony,African-American,Male,4,7,1
25,25 - 45,Felony,Caucasian,Male,0,4,0
25,25 - 45,Felony,African-American,Male,2,5,1
25,25 - 45,Felony,African-American,Female,0,5,0
38,25 - 45,Misdemeanor,African-American,Male,0,1,0
40,25 - 45,Felony,Hispanic,Male,0,1,0
49,Greater than 45,Misdemeanor,Caucasian,Female,4,1,0
35,25 - 45,Misdemeanor,Caucasian,Female,2,1,0
25,25 - 45,Felony,Other,Male,0,3,0
21,Less than 25,Felony,Caucasian,Male,1,6,0
28,25 - 45,Felony,Caucasian,Male,3,2,0
57,Greater than 45,Misdemeanor,African-American,Male,8,5,0
40,25 - 45,Felony,African-American,Male,15,7,1
43,25 - 45,Felony,African-American,Female,0,1,0
43,25 - 45,Felony,Caucasian,Male,12,3,0
32,25 - 45,Misdemeanor,Asian,Male,0,1,0
21,Less than 25,Felony,African-American,Male,0,9,1
51,Greater than 45,Felony,African-American,Male,2,1,0
20,Less than 25,Misdemeanor,African-American,Male,0,10,1
58,Greater than 45,Misdemeanor,Hispanic,Male,1,1,0
28,25 - 45,Felony,Other,Female,1,2,0
30,25 - 45,Misdemeanor,African-American,Female,2,2,0
22,Less than 25,Felony,African-American,Male,1,9,1
50,Greater than 45,Felony,Caucasian,Male,1,2,0
30,25 - 45,Misdemeanor,African-American,Male,5,8,0
28,25 - 45,Felony,Caucasian,Male,0,2,1
26,25 - 45,Misdemeanor,Hispanic,Male,2,2,0
51,Greater than 45,Felony,Caucasian,Female,0,1,0
21,Less than 25,Felony,African-American,Male,1,7,0
29,25 - 45,Felony,Caucasian,Male,0,3,1
43,25 - 45,Misdemeanor,Caucasian,Male,0,2,0
22,Less than 25,Felony,African-American,Male,1,6,0
36,25 - 45,Felony,African-American,Male,0,1,0
24,Less than 25,Felony,African-American,Male,0,3,0
26,25 - 45,Felony,African-American,Male,5,7,0
27,25 - 45,Misdemeanor,African-American,Male,8,7,0
26,25 - 45,Felony,Caucasian,Male,2,3,0
29,25 - 45,Felony,African-American,Female,0,2,0
34,25 - 45,Felony,African-American,Male,5,2,0
23,Less than 25,Felony,Other,Male,2,5,0
29,25 - 45,Misdemeanor,African-American,Female,1,2,0
24,Less than 25,Felony,African-American,Male,1,5,0
50,Greater than 45,Felony,Caucasian,Male,0,1,0
24,Less than 25,Misdemeanor,African-American,Female,0,5,0
31,25 - 45,Felony,African-American,Female,0,1,0
22,Less than 25,Felony,African-American,Male,0,7,0
22,Less than 25,Felony,Caucasian,Male,0,6,0
27,25 - 45,Misdemeanor,Caucasian,Male,0,3,0
21,Less than 25,Misdemeanor,Other,Female,0,5,0
80,Greater than 45,Misdemeanor,Caucasian,Male,0,1,0
68,Greater than 45,Misdemeanor,African-American,Male,6,1,0
23,Less than 25,Felony,African-American,Male,1,5,0
24,Less than 25,Felony,Caucasian,Male,0,7,0
21,Less than 25,Felony,Caucasian,Male,0,7,1
26,25 - 45,Misdemeanor,African-American,Male,3,5,1
36,25 - 45,Felony,Caucasian,Male,1,1,0
21,Less than 25,Felony,African-American,Male,0,7,1
31,25 - 45,Misdemeanor,African-American,Female,1,3,0
49,Greater than 45,Misdemeanor,Caucasian,Male,4,3,0
24,Less than 25,Felony,Caucasian,Male,0,7,0
44,25 - 45,Misdemeanor,Caucasian,Male,1,1,0
25,25 - 45,Felony,African-American,Female,1,4,0
25,25 - 45,Felony,African-American,Male,1,3,0
44,25 - 45,Misdemeanor,Hispanic,Male,0,1,0
33,25 - 45,Felony,African-American,Male,0,1,0
20,Less than 25,Felony,African-American,Male,0,7,1
44,25 - 45,Felony,Caucasian,Male,3,1,0
41,25 - 45,Misdemeanor,African-American,Female,0,1,0
30,25 - 45,Felony,African-American,Male,1,2,0
26,25 - 45,Felony,African-American,Male,1,2,1
32,25 - 45,Felony,Hispanic,Female,0,1,0
43,25 - 45,Misdemeanor,African-American,Female,9,7,0
39,25 - 45,Felony,Caucasian,Male,1,1,0
63,Greater than 45,Misdemeanor,Caucasian,Male,5,1,0
24,Less than 25,Felony,Caucasian,Male,3,4,0
21,Less than 25,Misdemeanor,Caucasian,Male,2,8,0
48,Greater than 45,Felony,Caucasian,Female,0,1,0
37,25 - 45,Felony,African-American,Male,0,1,0
20,Less than 25,Misdemeanor,Other,Female,0,7,0
64,Greater than 45,Misdemeanor,Caucasian,Female,0,1,0
22,Less than 25,Misdemeanor,Caucasian,Male,0,5,0
43,25 - 45,Felony,Caucasian,Male,8,1,0
33,25 - 45,Felony,Caucasian,Male,10,8,0
26,25 - 45,Felony,African-American,Male,1,6,0
33,25 - 45,Misdemeanor,Caucasian,Female,1,2,0
44,25 - 45,Felony,African-American,Male,0,1,0
31,25 - 45,Felony,African-American,Male,0,2,0
25,25 - 45,Misdemeanor,Hispanic,Female,0,3,0
43,25 - 45,Misdemeanor,African-American,Female,2,1,0
34,25 - 45,Misdemeanor,Other,Male,2,1,0
44,25 - 45,Felony,Other,Male,0,1,0
55,Greater than 45,Misdemeanor,Hispanic,Female,0,1,0
29,25 - 45,Felony,African-American,Male,6,2,0
31,25 - 45,Misdemeanor,Other,Male,0,1,0
52,Greater than 45,Felony,Other,Male,0,1,0
59,Greater than 45,Misdemeanor,Caucasian,Male,0,1,0
49,Greater than 45,Misdemeanor,African-American,Male,1,1,1
36,25 - 45,Misdemeanor,Caucasian,Male,11,4,1
23,Less than 25,Felony,African-American,Female,1,4,0
51,Greater than 45,Felony,Hispanic,Male,1,1,0
34,25 - 45,Felony,African-American,Male,0,2,0
32,25 - 45,Felony,Other,Male,0,1,0
54,Greater than 45,Felony,African-American,Male,1,1,0
36,25 - 45,Felony,African-American,Male,0,1,0
61,Greater than 45,Misdemeanor,Caucasian,Male,0,1,0
38,25 - 45,Misdemeanor,African-American,Female,0,1,0
41,25 - 45,Felony,Hispanic,Male,9,1,0
32,25 - 45,Felony,African-American,Male,0,2,0
21,Less than 25,Felony,African-American,Male,4,6,0
68,Greater than 45,Felony,African-American,Male,2,2,0
24,Less than 25,Misdemeanor,African-American,Male,0,4,0
41,25 - 45,Felony,Caucasian,Male,1,2,1
30,25 - 45,Felony,Other,Male,0,2,0
41,25 - 45,Felony,African-American,Male,1,3,0
55,Greater than 45,Felony,Other,Male,4,1,0
33,25 - 45,Felony,Caucasian,Male,1,3,0
23,Less than 25,Felony,African-American,Male,0,4,0
51,Greater than 45,Felony,Caucasian,Female,0,1,0
36,25 - 45,Misdemeanor,Caucasian,Male,1,3,0
57,Greater than 45,Misdemeanor,Hispanic,Male,0,1,0
43,25 - 45,Misdemeanor,African-American,Male,0,1,0
47,Greater than 45,Misdemeanor,Other,Male,0,1,0
60,Greater than 45,Felony,African-American,Male,1,1,0
24,Less than 25,Misdemeanor,African-American,Male,0,5,1
28,25 - 45,Misdemeanor,Caucasian,Female,0,4,0
54,Greater than 45,Felony,Other,Male,1,1,0
34,25 - 45,Misdemeanor,Other,Female,0,1,0
48,Greater than 45,Felony,Other,Male,1,1,0
37,25 - 45,Felony,African-American,Male,0,7,0
28,25 - 45,Felony,African-American,Male,8,7,1
45,Greater than 45,Misdemeanor,Caucasian,Male,2,3,0
20,Less than 25,Felony,African-American,Male,2,9,1
52,Greater than 45,Misdemeanor,African-American,Male,0,1,0
29,25 - 45,Misdemeanor,African-American,Male,0,2,0
34,25 - 45,Felony,African-American,Male,11,8,1
28,25 - 45,Felony,African-American,Male,6,10,1
29,25 - 45,Felony,African-American,Male,0,7,0
55,Greater than 45,Felony,Caucasian,Female,2,1,0
68,Greater than 45,Misdemeanor,Hispanic,Male,0,1,0
20,Less than 25,Felony,African-American,Male,0,6,0
23,Less than 25,Misdemeanor,African-American,Male,0,5,0
55,Greater than 45,Misdemeanor,African-American,Male,0,1,1
24,Less than 25,Felony,Hispanic,Male,0,3,0
77,Greater than 45,Misdemeanor,African-American,Male,0,1,0
52,Greater than 45,Misdemeanor,Caucasian,Male,3,1,0
39,25 - 45,Felony,Hispanic,Male,0,1,0
51,Greater than 45,Misdemeanor,Caucasian,Female,1,1,0
34,25 - 45,Felony,African-American,Male,2,2,0
23,Less than 25,Felony,Caucasian,Male,0,4,0
32,25 - 45,Felony,Caucasian,Male,2,1,0
38,25 - 45,Misdemeanor,African-American,Male,8,4,0
34,25 - 45,Felony,Caucasian,Male,1,3,0
54,Greater than 45,Misdemeanor,African-American,Male,1,1,0
25,25 - 45,Misdemeanor,Caucasian,Male,2,6,1
34,25 - 45,Misdemeanor,Hispanic,Male,1,1,0
45,Greater than 45,Felony,African-American,Male,7,1,0
45,Greater than 45,Misdemeanor,Caucasian,Male,1,2,0
28,25 - 45,Felony,African-American,Male,12,5,0
41,25 - 45,Felony,African-American,Male,2,1,0
28,25 - 45,Felony,African-American,Male,2,7,0
25,25 - 45,Felony,African-American,Female,4,4,0
23,Less than 25,Misdemeanor,Caucasian,Female,1,3,0
30,25 - 45,Felony,African-American,Male,2,4,1
35,25 - 45,Misdemeanor,Caucasian,Male,3,2,0
34,25 - 45,Felony,Caucasian,Male,13,3,1
43,25 - 45,Misdemeanor,Caucasian,Male,1,1,0
27,25 - 45,Misdemeanor,African-American,Male,27,9,1
26,25 - 45,Felony,African-American,Male,7,6,0
27,25 - 45,Misdemeanor,Hispanic,Male,0,3,0
41,25 - 45,Felony,Caucasian,Male,1,7,0
30,25 - 45,Misdemeanor,African-American,Male,4,2,1
30,25 - 45,Felony,Caucasian,Male,1,3,0
33,25 - 45,Felony,African-American,Male,1,1,0
40,25 - 45,Misdemeanor,African-American,Male,11,2,1
56,Greater than 45,Felony,Caucasian,Male,1,1,0
51,Greater than 45,Felony,African-American,Male,4,2,0
36,25 - 45,Misdemeanor,Caucasian,Male,0,1,0
25,25 - 45,Felony,Hispanic,Male,3,4,1
30,25 - 45,Misdemeanor,Caucasian,Male,0,2,0
21,Less than 25,Felony,Caucasian,Female,0,6,0
38,25 - 45,Felony,Hispanic,Male,0,2,0
29,25 - 45,Felony,Other,Male,8,6,1
40,25 - 45,Felony,African-American,Female,2,1,0
37,25 - 45,Felony,African-American,Male,2,2,0
37,25 - 45,Felony,African-American,Female,0,2,0
23,Less than 25,Felony,African-American,Female,2,5,1
55,Greater than 45,Felony,Hispanic,Male,0,1,0
19,Less than 25,Felony,African-American,Male,1,7,1
25,25 - 45,Misdemeanor,African-American,Male,0,5,0
26,25 - 45,Misdemeanor,African-American,Male,6,6,0
20,Less than 25,Felony,African-American,Male,0,8,0
43,25 - 45,Misdemeanor,Caucasian,Female,0,1,0
35,25 - 45,Felony,African-American,Male,2,2,0
55,Greater than 45,Misdemeanor,Caucasian,Male,0,1,0
52,Greater than 45,Misdemeanor,African-American,Female,0,1,0
33,25 - 45,Misdemeanor,African-American,Female,0,6,0
30,25 - 45,Felony,Other,Male,0,2,0
67,Greater than 45,Felony,African-American,Male,8,2,0
31,25 - 45,Misdemeanor,African-American,Male,7,2,0
30,25 - 45,Misdemeanor,African-American,Male,4,4,0
55,Greater than 45,Misdemeanor,Caucasian,Male,0,1,0
25,25 - 45,Felony,African-American,Male,0,3,0
25,25 - 45,Felony,African-American,Male,0,5,0
22,Less than 25,Felony,African-American,Male,0,5,0
37,25 - 45,Felony,African-American,Male,8,4,0
68,Greater than 45,Felony,Caucasian,Male,7,6,1
37,25 - 45,Felony,Caucasian,Male,0,3,0
30,25 - 45,Misdemeanor,African-American,Male,4,2,0
34,25 - 45,Misdemeanor,African-American,Male,1,2,0
28,25 - 45,Misdemeanor,Other,Male,0,2,0
37,25 - 45,Misdemeanor,Caucasian,Male,4,5,1
52,Greater than 45,Misdemeanor,Hispanic,Male,0,1,0
36,25 - 45,Misdemeanor,Caucasian,Male,2,1,0
26,25 - 45,Felony,Caucasian,Male,2,3,0
24,Less than 25,Felony,Caucasian,Male,0,3,0
27,25 - 45,Felony,African-American,Male,0,7,0
37,25 - 45,Misdemeanor,Caucasian,Female,0,1,0
37,25 - 45,Felony,Hispanic,Male,1,2,0
58,Greater than 45,Misdemeanor,Caucasian,Male,5,1,0
41,25 - 45,Felony,African-American,Female,0,1,0
33,25 - 45,Misdemeanor,Hispanic,Male,0,1,0
33,25 - 45,Misdemeanor,African-American,Male,0,1,0
22,Less than 25,Felony,Hispanic,Male,0,5,0
33,25 - 45,Felony,Caucasian,Female,0,1,0
25,25 - 45,Misdemeanor,African-American,Male,0,5,0
37,25 - 45,Misdemeanor,African-American,Male,0,1,1
21,Less than 25,Misdemeanor,African-American,Male,0,9,0
37,25 - 45,Felony,Caucasian,Male,13,3,0
24,Less than 25,Misdemeanor,African-American,Male,2,7,0
35,25 - 45,Felony,African-American,Male,0,3,0
29,25 - 45,Felony,Caucasian,Male,10,5,1
41,25 - 45,Felony,African-American,Male,6,2,1
46,Greater than 45,Misdemeanor,African-American,Male,2,6,0
41,25 - 45,Felony,Caucasian,Male,0,1,0
25,25 - 45,Felony,African-American,Male,2,9,0
27,25 - 45,Misdemeanor,African-American,Male,1,2,0
31,25 - 45,Felony,African-American,Male,13,8,1
23,Less than 25,Misdemeanor,Caucasian,Male,0,4,0
49,Greater than 45,Felony,Caucasian,Female,0,2,0
49,Greater than 45,Felony,Caucasian,Male,8,1,0
41,25 - 45,Misdemeanor,African-American,Male,7,2,0
20,Less than 25,Felony,Caucasian,Female,0,9,1
44,25 - 45,Misdemeanor,African-American,Male,8,5,1
41,25 - 45,Misdemeanor,Caucasian,Male,0,1,0
31,25 - 45,Misdemeanor,African-American,Male,5,3,1
42,25 - 45,Misdemeanor,Hispanic,Male,1,1,0
67,Greater than 45,Felony,African-American,Female,0,1,0
42,25 - 45,Misdemeanor,Caucasian,Male,1,1,0
25,25 - 45,Felony,African-American,Male,0,4,0
43,25 - 45,Misdemeanor,Other,Male,2,1,0
23,Less than 25,Felony,Caucasian,Male,6,6,1
23,Less than 25,Felony,African-American,Male,2,4,0
33,25 - 45,Felony,Caucasian,Male,2,1,0
41,25 - 45,Misdemeanor,Caucasian,Male,0,1,0
31,25 - 45,Felony,Caucasian,Female,1,1,0
53,Greater than 45,Felony,African-American,Male,5,1,0
36,25 - 45,Misdemeanor,African-American,Male,1,1,0
58,Greater than 45,Misdemeanor,Caucasian,Male,10,1,0
62,Greater than 45,Felony,Caucasian,Male,0,1,0
25,25 - 45,Felony,Caucasian,Male,4,3,0
46,Greater than 45,Felony,Caucasian,Male,2,1,0
32,25 - 45,Felony,Caucasian,Male,6,8,0
58,Greater than 45,Misdemeanor,Caucasian,Female,0,1,0
20,Less than 25,Felony,African-American,Male,0,9,1
36,25 - 45,Misdemeanor,African-American,Female,1,1,0
59,Greater than 45,Misdemeanor,Caucasian,Male,0,1,0
29,25 - 45,Felony,African-American,Male,5,4,1
21,Less than 25,Misdemeanor,African-American,Female,0,6,0
28,25 - 45,Misdemeanor,Caucasian,Male,0,2,0
42,25 - 45,Felony,African-American,Female,16,2,0
21,Less than 25,Felony,African-American,Male,3,6,1
49,Greater than 45,Misdemeanor,Caucasian,Female,1,1,0
24,Less than 25,Misdemeanor,Caucasian,Female,0,5,0
55,Greater than 45,Misdemeanor,African-American,Female,1,1,0
21,Less than 25,Felony,Caucasian,Male,1,6,0
34,25 - 45,Misdemeanor,African-American,Male,4,6,0
27,25 - 45,Felony,African-American,Male,2,3,0
37,25 - 45,Misdemeanor,African-American,Male,12,9,0
23,Less than 25,Felony,Caucasian,Male,0,5,0
27,25 - 45,Felony,African-American,Male,5,5,1
50,Greater than 45,Felony,African-American,Male,1,1,0
22,Less than 25,Felony,African-American,Male,1,7,0
34,25 - 45,Felony,African-American,Male,1,2,0
21,Less than 25,Felony,Caucasian,Male,0,5,0
45,Greater than 45,Felony,Other,Male,1,1,0
30,25 - 45,Felony,African-American,Male,1,7,0
61,Greater than 45,Misdemeanor,Caucasian,Male,0,1,0
27,25 - 45,Misdemeanor,Caucasian,Male,3,3,0
41,25 - 45,Misdemeanor,Hispanic,Male,2,1,0
60,Greater than 45,Misdemeanor,Caucasian,Male,0,1,0
23,Less than 25,Misdemeanor,African-American,Male,1,8,0
40,25 - 45,Misdemeanor,Caucasian,Male,0,1,0
30,25 - 45,Felony,Caucasian,Male,0,1,0
20,Less than 25,Felony,African-American,Female,0,7,0
48,Greater than 45,Felony,Asian,Male,0,1,0
24,Less than 25,Misdemeanor,African-American,Male,0,5,1
30,25 - 45,Misdemeanor,African-American,Male,5,2,0
25,25 - 45,Misdemeanor,African-American,Male,0,5,0
38,25 - 45,Misdemeanor,Caucasian,Male,0,2,0
27,25 - 45,Felony,African-American,Male,1,3,0
24,Less than 25,Felony,African-American,Male,1,9,0
64,Greater than 45,Misdemeanor,African-American,Male,8,2,1
26,25 - 45,Misdemeanor,Caucasian,Male,3,9,0
48,Greater than 45,Felony,Caucasian,Male,0,1,0
21,Less than 25,Felony,African-American,Male,0,6,0
37,25 - 45,Misdemeanor,African-American,Male,17,3,0
45,Greater than 45,Felony,African-American,Male,16,2,0
31,25 - 45,Misdemeanor,Caucasian,Male,3,2,1
28,25 - 45,Felony,Asian,Male,9,6,0
39,25 - 45,Felony,Caucasian,Male,1,1,0
33,25 - 45,Felony,Caucasian,Male,0,2,0
48,Greater than 45,Misdemeanor,Asian,Male,0,1,0
27,25 - 45,Misdemeanor,African-American,Male,3,3,0
24,Less than 25,Felony,Hispanic,Male,0,4,0
24,Less than 25,Misdemeanor,Caucasian,Female,0,3,0
31,25 - 45,Felony,Caucasian,Female,14,5,0
32,25 - 45,Felony,Hispanic,Male,1,1,0
62,Greater than 45,Misdemeanor,Caucasian,Male,0,1,0
56,Greater than 45,Misdemeanor,Caucasian,Male,2,1,0
28,25 - 45,Felony,African-American,Male,6,2,0
26,25 - 45,Felony,African-American,Female,6,5,1
51,Greater than 45,Misdemeanor,Hispanic,Male,0,1,0
51,Greater than 45,Felony,Hispanic,Male,1,2,0
28,25 - 45,Felony,African-American,Male,7,6,0
36,25 - 45,Misdemeanor,African-American,Female,1,1,0
38,25 - 45,Misdemeanor,Caucasian,Female,0,1,0
23,Less than 25,Felony,African-American,Male,1,4,0
28,25 - 45,Misdemeanor,Caucasian,Male,5,5,1
38,25 - 45,Felony,Other,Female,0,1,0
29,25 - 45,Misdemeanor,African-American,Male,0,5,0
34,25 - 45,Felony,Asian,Female,1,1,0
34,25 - 45,Misdemeanor,African-American,Male,8,3,0
26,25 - 45,Felony,African-American,Male,6,6,1
58,Greater than 45,Felony,African-American,Male,0,1,0
37,25 - 45,Felony,Hispanic,Male,6,3,1
44,25 - 45,Felony,African-American,Male,0,3,0
36,25 - 45,Felony,Caucasian,Male,5,1,0
23,Less than 25,Misdemeanor,Other,Female,0,6,0
53,Greater than 45,Felony,African-American,Male,3,1,1
35,25 - 45,Misdemeanor,African-American,Male,8,4,0
39,25 - 45,Felony,Caucasian,Female,3,1,0
21,Less than 25,Felony,Hispanic,Male,1,6,1
26,25 - 45,Felony,African-American,Male,10,5,1
21,Less than 25,Misdemeanor,Caucasian,Female,3,7,1
37,25 - 45,Felony,African-American,Male,8,2,0
56,Greater than 45,Misdemeanor,Caucasian,Female,0,1,0
30,25 - 45,Felony,Caucasian,Male,0,2,0
27,25 - 45,Felony,African-American,Male,2,3,0
29,25 - 45,Felony,Other,Male,0,2,0
27,25 - 45,Felony,Caucasian,Female,6,9,0
43,25 - 45,Misdemeanor,African-American,Male,15,6,1
53,Greater than 45,Felony,African-American,Female,5,4,0
26,25 - 45,Misdemeanor,African-American,Male,6,4,0
24,Less than 25,Felony,Caucasian,Female,1,6,0
30,25 - 45,Felony,African-American,Male,0,5,0
26,25 - 45,Felony,African-American,Male,4,7,0
54,Greater than 45,Felony,African-American,Male,4,1,0
26,25 - 45,Misdemeanor,Caucasian,Male,10,7,1
45,Greater than 45,Felony,Caucasian,Male,0,1,0
47,Greater than 45,Misdemeanor,Caucasian,Male,1,3,0
31,25 - 45,Felony,African-American,Male,2,2,0
28,25 - 45,Felony,African-American,Male,2,4,0
21,Less than 25,Felony,African-American,Female,0,7,0
25,25 - 45,Felony,African-American,Male,4,8,1
37,25 - 45,Felony,African-American,Male,7,3,0
56,Greater than 45,Misdemeanor,Other,Male,0,1,0
24,Less than 25,Misdemeanor,African-American,Male,0,4,0
47,Greater than 45,Misdemeanor,Caucasian,Male,5,3,0
66,Greater than 45,Misdemeanor,Caucasian,Male,2,1,0
76,Greater than 45,Felony,Asian,Male,0,1,0
35,25 - 45,Misdemeanor,African-American,Male,1,4,0
24,Less than 25,Felony,African-American,Male,0,5,0
36,25 - 45,Felony,Caucasian,Male,0,4,0
19,Less than 25,Felony,African-American,Male,0,7,1
40,25 - 45,Felony,African-American,Male,2,1,0
28,25 - 45,Felony,Caucasian,Male,0,2,1
27,25 - 45,Misdemeanor,Caucasian,Male,0,3,0
25,25 - 45,Felony,African-American,Male,7,4,0
24,Less than 25,Felony,African-American,Female,0,3,0
44,25 - 45,Felony,Caucasian,Male,0,4,0
44,25 - 45,Felony,African-American,Male,0,1,0
23,Less than 25,Misdemeanor,African-American,Female,0,5,0
27,25 - 45,Felony,African-American,Male,0,3,0
55,Greater than 45,Felony,Caucasian,Male,0,1,0
34,25 - 45,Felony,African-American,Male,0,3,1
24,Less than 25,Felony,African-American,Male,1,3,0
42,25 - 45,Felony,African-American,Male,7,1,0
30,25 - 45,Misdemeanor,Hispanic,Male,3,5,0
40,25 - 45,Felony,Caucasian,Male,6,2,0
30,25 - 45,Felony,Other,Male,13,5,1
27,25 - 45,Misdemeanor,Caucasian,Male,1,4,0
37,25 - 45,Misdemeanor,African-American,Male,3,2,0
25,25 - 45,Felony,African-American,Male,1,3,0
45,Greater than 45,Felony,Caucasian,Male,2,1,0
31,25 - 45,Felony,Caucasian,Male,1,2,0
23,Less than 25,Felony,African-American,Male,0,8,0
21,Less than 25,Felony,African-American,Male,0,8,0
35,25 - 45,Felony,African-American,Male,0,1,0
32,25 - 45,Felony,Caucasian,Female,5,2,0
25,25 - 45,Felony,African-American,Male,2,4,0
34,25 - 45,Felony,Caucasian,Male,15,6,0
30,25 - 45,Felony,African-American,Female,4,2,0
37,25 - 45,Felony,Caucasian,Male,3,5,0
37,25 - 45,Misdemeanor,African-American,Male,8,5,0
31,25 - 45,Misdemeanor,Caucasian,Female,0,2,0
22,Less than 25,Felony,African-American,Male,0,7,1
30,25 - 45,Misdemeanor,African-American,Male,1,3,0
20,Less than 25,Misdemeanor,Other,Female,1,6,0
29,25 - 45,Misdemeanor,African-American,Male,0,3,0
24,Less than 25,Felony,Caucasian,Male,0,4,0
36,25 - 45,Felony,African-American,Female,1,1,0
23,Less than 25,Misdemeanor,African-American,Male,0,4,1
29,25 - 45,Felony,African-American,Male,6,5,1
22,Less than 25,Felony,Hispanic,Female,1,5,0
29,25 - 45,Misdemeanor,African-American,Male,4,6,0
26,25 - 45,Misdemeanor,African-American,Female,0,7,0
32,25 - 45,Felony,African-American,Male,1,2,0
45,Greater than 45,Felony,Hispanic,Male,0,1,0
30,25 - 45,Felony,African-American,Male,1,2,0
25,25 - 45,Felony,African-American,Male,0,4,0
24,Less than 25,Felony,African-American,Male,5,4,0
29,25 - 45,Misdemeanor,Caucasian,Male,0,2,1
21,Less than 25,Felony,Caucasian,Male,1,4,0
46,Greater than 45,Felony,Caucasian,Female,1,1,0
47,Greater than 45,Misdemeanor,Caucasian,Male,2,1,0
30,25 - 45,Felony,African-American,Male,13,7,1
26,25 - 45,Misdemeanor,African-American,Male,2,5,0
42,25 - 45,Misdemeanor,Caucasian,Female,0,1,0
34,25 - 45,Misdemeanor,African-American,Male,1,2,0
69,Greater than 45,Misdemeanor,Caucasian,Female,2,1,0
24,Less than 25,Felony,Caucasian,Male,5,6,1
45,Greater than 45,Misdemeanor,African-American,Male,1,3,0
52,Greater than 45,Misdemeanor,African-American,Male,2,1,0
30,25 - 45,Felony,Caucasian,Male,0,2,0
26,25 - 45,Misdemeanor,Hispanic,Female,0,3,0
30,25 - 45,Misdemeanor,Hispanic,Male,0,1,0
22,Less than 25,Felony,African-American,Female,0,7,0
35,25 - 45,Felony,African-American,Male,6,3,0
35,25 - 45,Misdemeanor,African-American,Male,1,5,0
25,25 - 45,Felony,African-American,Male,2,4,0
58,Greater than 45,Misdemeanor,Caucasian,Male,3,1,0
33,25 - 45,Misdemeanor,Caucasian,Male,2,2,0
44,25 - 45,Felony,Caucasian,Male,4,4,0
30,25 - 45,Felony,African-American,Male,3,3,0
39,25 - 45,Felony,Hispanic,Female,2,1,0
28,25 - 45,Felony,Caucasian,Male,0,2,0
34,25 - 45,Felony,African-American,Male,1,2,0
26,25 - 45,Felony,African-American,Male,1,5,1
23,Less than 25,Felony,African-American,Male,0,3,0
31,25 - 45,Misdemeanor,African-American,Male,0,4,0
38,25 - 45,Felony,Other,Male,1,1,0
44,25 - 45,Felony,African-American,Male,0,1,0
52,Greater than 45,Felony,African-American,Male,0,1,0
31,25 - 45,Felony,African-American,Male,9,6,1
21,Less than 25,Felony,African-American,Female,2,7,0
77,Greater than 45,Misdemeanor,Caucasian,Male,1,1,0
61,Greater than 45,Felony,Caucasian,Male,4,5,0
41,25 - 45,Misdemeanor,African-American,Female,0,1,0
24,Less than 25,Misdemeanor,Caucasian,Female,0,4,0
34,25 - 45,Felony,African-American,Female,5,3,0
27,25 - 45,Felony,Hispanic,Male,1,3,0
30,25 - 45,Felony,African-American,Male,1,2,0
59,Greater than 45,Felony,Hispanic,Male,0,1,0
55,Greater than 45,Felony,Caucasian,Male,1,1,1
53,Greater than 45,Misdemeanor,African-American,Male,5,1,0
50,Greater than 45,Misdemeanor,Caucasian,Male,1,2,0
21,Less than 25,Felony,Hispanic,Male,2,5,1
25,25 - 45,Misdemeanor,Caucasian,Female,0,3,0
31,25 - 45,Misdemeanor,Caucasian,Female,2,3,0
26,25 - 45,Felony,African-American,Female,1,4,0
25,25 - 45,Misdemeanor,Caucasian,Male,0,3,0
32,25 - 45,Misdemeanor,African-American,Male,0,1,0
40,25 - 45,Felony,Caucasian,Male,5,1,0
35,25 - 45,Felony,African-American,Male,0,4,0
27,25 - 45,Felony,African-American,Male,2,2,0
36,25 - 45,Felony,Asian,Male,1,1,0
30,25 - 45,Felony,Caucasian,Male,2,3,0
30,25 - 45,Felony,African-American,Male,0,3,0
41,25 - 45,Felony,African-American,Male,19,2,0
29,25 - 45,Felony,Caucasian,Female,0,3,0
25,25 - 45,Felony,Caucasian,Male,0,3,0
50,Greater than 45,Felony,Caucasian,Male,0,1,0
35,25 - 45,Felony,Caucasian,Male,4,1,0
43,25 - 45,Felony,African-American,Male,4,2,1
61,Greater than 45,Felony,Caucasian,Female,0,1,0
22,Less than 25,Felony,African-American,Female,4,6,1
34,25 - 45,Misdemeanor,African-American,Female,1,1,0
24,Less than 25,Felony,Other,Male,0,4,0
20,Less than 25,Misdemeanor,African-American,Female,0,8,1
30,25 - 45,Misdemeanor,African-American,Male,0,2,0
43,25 - 45,Misdemeanor,African-American,Female,0,1,0
37,25 - 45,Felony,Hispanic,Male,9,3,0
29,25 - 45,Felony,Hispanic,Female,1,3,0
24,Less than 25,Misdemeanor,Caucasian,Female,0,5,0
36,25 - 45,Felony,Caucasian,Male,12,2,0
39,25 - 45,Felony,Caucasian,Male,0,1,1
32,25 - 45,Misdemeanor,African-American,Male,2,4,0
38,25 - 45,Misdemeanor,African-American,Male,0,1,0
27,25 - 45,Felony,African-American,Female,8,4,0
30,25 - 45,Misdemeanor,African-American,Male,8,8,1
26,25 - 45,Misdemeanor,Caucasian,Female,1,3,0
37,25 - 45,Felony,Caucasian,Male,3,2,0
29,25 - 45,Felony,Caucasian,Male,1,2,0
32,25 - 45,Felony,Caucasian,Male,3,2,0
21,Less than 25,Felony,African-American,Male,8,5,1
21,Less than 25,Felony,Caucasian,Male,1,6,0
47,Greater than 45,Misdemeanor,Caucasian,Male,13,3,1
36,25 - 45,Felony,African-American,Female,4,1,0
32,25 - 45,Misdemeanor,Caucasian,Male,4,3,1
43,25 - 45,Felony,Caucasian,Male,1,1,0
27,25 - 45,Felony,African-American,Male,2,3,0
62,Greater than 45,Felony,Caucasian,Male,2,1,0
21,Less than 25,Felony,African-American,Male,1,5,0
34,25 - 45,Misdemeanor,Asian,Male,0,1,0
46,Greater than 45,Misdemeanor,Hispanic,Male,1,1,0
40,25 - 45,Misdemeanor,African-American,Male,23,8,1
38,25 - 45,Misdemeanor,Caucasian,Male,3,1,0
41,25 - 45,Felony,African-American,Male,7,4,0
21,Less than 25,Felony,Caucasian,Male,1,7,0
74,Greater than 45,Misdemeanor,Caucasian,Female,0,1,0
27,25 - 45,Misdemeanor,Hispanic,Female,0,3,0
30,25 - 45,Misdemeanor,African-American,Male,1,2,0
33,25 - 45,Felony,Caucasian,Female,3,2,1
24,Less than 25,Misdemeanor,Caucasian,Male,2,3,0
52,Greater than 45,Felony,Asian,Male,0,1,0
29,25 - 45,Misdemeanor,Caucasian,Female,0,3,0
30,25 - 45,Felony,Caucasian,Female,1,2,0
33,25 - 45,Felony,African-American,Male,0,4,0
38,25 - 45,Felony,Hispanic,Male,1,1,0
28,25 - 45,Misdemeanor,African-American,Female,5,7,0
52,Greater than 45,Felony,African-American,Female,3,1,0
21,Less than 25,Felony,Hispanic,Male,1,6,0
22,Less than 25,Felony,Hispanic,Female,1,5,0
32,25 - 45,Felony,Hispanic,Male,3,2,0
25,25 - 45,Felony,African-American,Male,0,3,1
27,25 - 45,Misdemeanor,African-American,Female,0,3,0
35,25 - 45,Felony,Caucasian,Male,0,2,0
40,25 - 45,Misdemeanor,African-American,Male,2,3,0
29,25 - 45,Felony,Other,Female,0,3,0
24,Less than 25,Misdemeanor,African-American,Male,2,7,1
24,Less than 25,Felony,African-American,Male,10,9,1
26,25 - 45,Felony,Hispanic,Male,5,2,0
50,Greater than 45,Felony,Caucasian,Male,1,3,0
51,Greater than 45,Misdemeanor,Hispanic,Male,0,1,0
29,25 - 45,Misdemeanor,African-American,Male,3,2,0
25,25 - 45,Misdemeanor,Caucasian,Female,0,4,0
46,Greater than 45,Felony,Caucasian,Male,1,3,0
33,25 - 45,Misdemeanor,African-American,Male,9,7,1
31,25 - 45,Felony,Hispanic,Male,19,2,1
21,Less than 25,Misdemeanor,Other,Male,0,6,0
35,25 - 45,Felony,African-American,Male,4,5,0
26,25 - 45,Misdemeanor,Other,Male,1,7,0
27,25 - 45,Misdemeanor,Caucasian,Male,0,4,0
22,Less than 25,Felony,African-American,Male,2,5,0
29,25 - 45,Felony,African-American,Female,0,2,1
31,25 - 45,Misdemeanor,African-American,Male,0,4,0
29,25 - 45,Felony,Hispanic,Female,0,3,0
65,Greater than 45,Felony,Caucasian,Female,0,1,0
34,25 - 45,Misdemeanor,Hispanic,Female,1,1,0
24,Less than 25,Felony,Caucasian,Male,6,5,0
46,Greater than 45,Misdemeanor,African-American,Male,0,1,0
29,25 - 45,Felony,African-American,Male,7,2,0
56,Greater than 45,Felony,Caucasian,Female,3,1,0
21,Less than 25,Felony,African-American,Male,0,7,0
40,25 - 45,Felony,African-American,Male,0,9,1
22,Less than 25,Misdemeanor,African-American,Male,2,8,1
39,25 - 45,Misdemeanor,Caucasian,Male,0,1,0
36,25 - 45,Felony,Caucasian,Male,1,1,0
30,25 - 45,Felony,African-American,Male,0,2,0
36,25 - 45,Misdemeanor,African-American,Male,0,5,0
32,25 - 45,Felony,African-American,Male,0,1,0
23,Less than 25,Misdemeanor,Other,Male,0,4,0
52,Greater than 45,Misdemeanor,Caucasian,Male,0,1,0
38,25 - 45,Misdemeanor,African-American,Male,5,2,0
46,Greater than 45,Misdemeanor,Caucasian,Male,0,1,0
20,Less than 25,Felony,African-American,Male,2,5,1
63,Greater than 45,Felony,Caucasian,Male,0,1,0
27,25 - 45,Felony,African-American,Male,1,5,1
27,25 - 45,Felony,African-American,Male,0,4,0
27,25 - 45,Misdemeanor,African-American,Male,0,2,0
48,Greater than 45,Misdemeanor,African-American,Female,0,3,0
26,25 - 45,Misdemeanor,African-American,Female,1,5,0
58,Greater than 45,Felony,Other,Male,0,1,0
41,25 - 45,Felony,African-American,Male,0,1,0
21,Less than 25,Felony,African-American,Male,0,7,0
26,25 - 45,Misdemeanor,Other,Male,0,3,0
39,25 - 45,Misdemeanor,African-American,Female,3,2,0
46,Greater than 45,Misdemeanor,Caucasian,Male,0,1,0
33,25 - 45,Felony,Other,Male,7,3,1
20,Less than 25,Felony,Native American,Male,1,9,1
32,25 - 45,Misdemeanor,Caucasian,Male,0,3,0
64,Greater than 45,Misdemeanor,Hispanic,Male,1,1,0
26,25 - 45,Felony,African-American,Male,2,4,0
22,Less than 25,Felony,African-American,Male,2,8,0
43,25 - 45,Felony,Caucasian,Female,0,1,0
55,Greater than 45,Misdemeanor,Caucasian,Female,0,1,0
34,25 - 45,Misdemeanor,Hispanic,Male,0,1,0
20,Less than 25,Felony,African-American,Male,1,6,0
55,Greater than 45,Felony,Caucasian,Male,7,10,0
22,Less than 25,Felony,African-American,Male,1,8,0
55,Greater than 45,Felony,African-American,Male,1,1,0
21,Less than 25,Felony,African-American,Male,0,9,1
23,Less than 25,Felony,African-American,Male,0,4,0
28,25 - 45,Misdemeanor,Caucasian,Female,1,2,0
45,Greater than 45,Felony,Other,Male,0,1,0
39,25 - 45,Felony,African-American,Male,1,2,0
79,Greater than 45,Misdemeanor,Caucasian,Male,1,1,0
48,Greater than 45,Felony,Caucasian,Male,1,1,0
31,25 - 45,Misdemeanor,African-American,Male,5,3,0
56,Greater than 45,Misdemeanor,Caucasian,Male,1,1,0
43,25 - 45,Misdemeanor,African-American,Male,2,1,0
20,Less than 25,Felony,Hispanic,Male,0,5,0
41,25 - 45,Misdemeanor,African-American,Male,0,2,0
24,Less than 25,Felony,Other,Male,1,3,0
33,25 - 45,Felony,African-American,Female,1,1,0
22,Less than 25,Felony,African-American,Male,0,4,0
34,25 - 45,Felony,African-American,Male,3,1,0
36,25 - 45,Misdemeanor,Caucasian,Male,0,1,0
69,Greater than 45,Felony,Caucasian,Male,0,1,0
32,25 - 45,Felony,Caucasian,Male,5,4,1
46,Greater than 45,Felony,Caucasian,Male,0,2,0
34,25 - 45,Misdemeanor,Caucasian,Male,1,3,0
32,25 - 45,Misdemeanor,Hispanic,Female,0,1,0
39,25 - 45,Misdemeanor,African-American,Male,0,1,0
25,25 - 45,Misdemeanor,African-American,Male,6,7,1
29,25 - 45,Misdemeanor,Caucasian,Male,2,4,0
40,25 - 45,Misdemeanor,Caucasian,Female,0,2,0
50,Greater than 45,Felony,Caucasian,Male,5,1,0
37,25 - 45,Misdemeanor,African-American,Male,4,7,1
34,25 - 45,Felony,African-American,Male,1,2,0
35,25 - 45,Felony,Hispanic,Female,0,1,0
23,Less than 25,Felony,Caucasian,Male,10,6,0
20,Less than 25,Felony,Other,Male,0,7,0
26,25 - 45,Felony,Caucasian,Male,2,4,0
59,Greater than 45,Misdemeanor,Caucasian,Male,2,1,1
37,25 - 45,Misdemeanor,Caucasian,Male,2,3,0
22,Less than 25,Felony,African-American,Male,1,7,0
25,25 - 45,Felony,African-American,Male,5,7,0
20,Less than 25,Misdemeanor,African-American,Male,1,7,1
50,Greater than 45,Misdemeanor,Hispanic,Male,2,1,0
20,Less than 25,Felony,African-American,Male,1,8,0
51,Greater than 45,Misdemeanor,Caucasian,Male,1,1,1
30,25 - 45,Misdemeanor,African-American,Male,2,2,0
39,25 - 45,Misdemeanor,Other,Male,0,1,0
26,25 - 45,Felony,African-American,Male,2,4,0
20,Less than 25,Misdemeanor,Other,Male,0,6,0
26,25 - 45,Felony,Caucasian,Female,0,4,0
26,25 - 45,Felony,African-American,Male,5,3,0
20,Less than 25,Felony,Caucasian,Male,0,6,0
28,25 - 45,Felony,African-American,Male,0,3,1
21,Less than 25,Misdemeanor,African-American,Female,0,7,0
25,25 - 45,Felony,Other,Male,0,8,1
30,25 - 45,Felony,Caucasian,Male,0,2,0
21,Less than 25,Felony,Caucasian,Male,2,9,1
35,25 - 45,Felony,African-American,Male,22,7,1
50,Greater than 45,Felony,Caucasian,Male,2,1,1
25,25 - 45,Misdemeanor,African-American,Male,5,9,0
26,25 - 45,Felony,African-American,Male,0,10,0
22,Less than 25,Felony,African-American,Male,0,5,0
29,25 - 45,Felony,African-American,Male,0,3,0
52,Greater than 45,Felony,Caucasian,Male,1,1,0
21,Less than 25,Felony,African-American,Male,0,7,0
21,Less than 25,Felony,Caucasian,Male,1,6,0
24,Less than 25,Felony,African-American,Male,3,6,0
30,25 - 45,Misdemeanor,Caucasian,Female,0,2,0
41,25 - 45,Misdemeanor,African-American,Male,9,6,0
48,Greater than 45,Felony,Caucasian,Male,6,1,0
34,25 - 45,Misdemeanor,African-American,Female,1,1,0
25,25 - 45,Misdemeanor,African-American,Male,1,3,0
56,Greater than 45,Felony,Caucasian,Male,6,1,0
23,Less than 25,Felony,African-American,Male,0,5,0
21,Less than 25,Misdemeanor,Caucasian,Male,0,6,0
66,Greater than 45,Misdemeanor,Caucasian,Male,0,1,0
28,25 - 45,Misdemeanor,African-American,Male,7,4,0
29,25 - 45,Misdemeanor,Caucasian,Male,0,1,0
39,25 - 45,Felony,Caucasian,Male,0,1,0
31,25 - 45,Felony,Caucasian,Male,1,2,0
22,Less than 25,Misdemeanor,African-American,Male,0,6,0
22,Less than 25,Misdemeanor,Caucasian,Female,0,5,0
35,25 - 45,Felony,Caucasian,Male,3,1,0
56,Greater than 45,Felony,Caucasian,Male,1,1,0
34,25 - 45,Felony,African-American,Female,0,1,0
43,25 - 45,Felony,Caucasian,Male,2,1,0
38,25 - 45,Felony,Caucasian,Male,0,1,0
39,25 - 45,Felony,Caucasian,Male,3,6,0
26,25 - 45,Misdemeanor,African-American,Male,2,3,0
55,Greater than 45,Misdemeanor,Caucasian,Female,0,1,0
61,Greater than 45,Felony,African-American,Male,25,4,0
33,25 - 45,Misdemeanor,Other,Male,0,2,0
40,25 - 45,Felony,Caucasian,Male,4,7,0
33,25 - 45,Felony,African-American,Male,3,1,0
26,25 - 45,Felony,Caucasian,Male,0,4,1
28,25 - 45,Felony,African-American,Male,0,3,0
45,Greater than 45,Misdemeanor,Caucasian,Male,0,1,0
57,Greater than 45,Felony,Caucasian,Female,4,1,0
26,25 - 45,Felony,African-American,Male,3,9,1
35,25 - 45,Felony,African-American,Male,1,4,0
54,Greater than 45,Felony,Hispanic,Male,0,1,0
29,25 - 45,Felony,African-American,Female,0,4,0
40,25 - 45,Misdemeanor,Caucasian,Female,0,1,0
25,25 - 45,Misdemeanor,African-American,Female,0,2,0
44,25 - 45,Misdemeanor,African-American,Male,3,5,0
29,25 - 45,Felony,African-American,Male,0,2,0
56,Greater than 45,Misdemeanor,Caucasian,Male,0,1,0
27,25 - 45,Misdemeanor,African-American,Female,0,3,0
29,25 - 45,Misdemeanor,Caucasian,Female,0,3,0
34,25 - 45,Misdemeanor,Caucasian,Female,4,2,0
22,Less than 25,Felony,African-American,Female,0,6,0
31,25 - 45,Felony,Caucasian,Male,0,1,0
47,Greater than 45,Felony,African-American,Male,3,1,0
39,25 - 45,Felony,African-American,Male,4,5,0
30,25 - 45,Felony,Hispanic,Male,2,2,0
61,Greater than 45,Misdemeanor,African-American,Male,2,10,0
37,25 - 45,Misdemeanor,Hispanic,Male,3,3,0
38,25 - 45,Felony,Other,Male,1,1,1
30,25 - 45,Misdemeanor,African-American,Male,0,7,0
47,Greater than 45,Felony,Other,Male,0,1,0
59,Greater than 45,Misdemeanor,African-American,Male,1,1,0
23,Less than 25,Misdemeanor,Caucasian,Male,4,9,1
41,25 - 45,Felony,Hispanic,Female,0,1,0
22,Less than 25,Felony,African-American,Male,0,7,0
26,25 - 45,Felony,African-American,Male,5,5,0
44,25 - 45,Felony,Caucasian,Male,1,2,0
34,25 - 45,Misdemeanor,African-American,Female,0,1,1
29,25 - 45,Misdemeanor,African-American,Male,8,4,0
31,25 - 45,Misdemeanor,African-American,Female,0,4,0
21,Less than 25,Felony,Caucasian,Male,2,5,0
34,25 - 45,Felony,Caucasian,Male,4,6,0
54,Greater than 45,Felony,African-American,Male,21,1,0
20,Less than 25,Felony,Caucasian,Male,4,10,0
31,25 - 45,Felony,Caucasian,Male,1,3,1
22,Less than 25,Misdemeanor,Caucasian,Male,0,5,0
36,25 - 45,Misdemeanor,African-American,Male,6,1,0
50,Greater than 45,Misdemeanor,African-American,Male,15,4,0
49,Greater than 45,Misdemeanor,Other,Female,0,1,0
31,25 - 45,Misdemeanor,African-American,Male,1,2,0
21,Less than 25,Felony,African-American,Male,2,9,0
29,25 - 45,Felony,Other,Male,0,3,0
61,Greater than 45,Felony,Hispanic,Male,0,1,0
25,25 - 45,Felony,Caucasian,Female,2,7,1
38,25 - 45,Felony,Caucasian,Male,5,1,0
35,25 - 45,Misdemeanor,Caucasian,Male,2,2,0
29,25 - 45,Felony,Caucasian,Male,1,3,0
46,Greater than 45,Felony,Caucasian,Male,0,1,0
53,Greater than 45,Misdemeanor,Caucasian,Male,1,5,0
27,25 - 45,Felony,Caucasian,Female,1,5,1
29,25 - 45,Felony,Caucasian,Male,4,7,0
24,Less than 25,Misdemeanor,Caucasian,Male,1,3,0
40,25 - 45,Felony,African-American,Male,20,4,0
36,25 - 45,Misdemeanor,African-American,Female,1,2,0
57,Greater than 45,Felony,Caucasian,Male,7,1,0
26,25 - 45,Felony,African-American,Male,1,4,0
26,25 - 45,Felony,African-American,Male,2,3,0
48,Greater than 45,Felony,Caucasian,Female,0,1,0
52,Greater than 45,Misdemeanor,Caucasian,Male,7,2,0
43,25 - 45,Misdemeanor,African-American,Female,0,1,0
24,Less than 25,Felony,Caucasian,Male,3,4,0
23,Less than 25,Felony,Hispanic,Male,2,7,0
21,Less than 25,Felony,African-American,Male,0,6,0
25,25 - 45,Felony,Caucasian,Female,0,3,0
46,Greater than 45,Misdemeanor,Caucasian,Male,0,3,0
24,Less than 25,Felony,African-American,Female,0,4,0
24,Less than 25,Misdemeanor,Other,Male,0,4,0
40,25 - 45,Misdemeanor,Hispanic,Male,0,3,0
36,25 - 45,Misdemeanor,Hispanic,Male,1,1,0
24,Less than 25,Misdemeanor,Caucasian,Male,0,3,0
55,Greater than 45,Felony,African-American,Female,2,1,0
38,25 - 45,Felony,African-American,Male,14,3,0
31,25 - 45,Felony,African-American,Male,1,2,0
30,25 - 45,Felony,African-American,Female,3,2,0
37,25 - 45,Felony,African-American,Male,16,3,1
41,25 - 45,Misdemeanor,Caucasian,Female,1,1,0
20,Less than 25,Felony,African-American,Male,0,7,1
22,Less than 25,Misdemeanor,Caucasian,Male,1,5,0
38,25 - 45,Misdemeanor,African-American,Male,7,8,0
31,25 - 45,Felony,African-American,Male,0,2,0
28,25 - 45,Felony,Caucasian,Male,0,4,0
21,Less than 25,Felony,Hispanic,Male,2,8,1
39,25 - 45,Felony,African-American,Male,1,4,0
45,Greater than 45,Misdemeanor,Hispanic,Male,0,1,0
27,25 - 45,Felony,African-American,Male,9,6,1
30,25 - 45,Felony,Hispanic,Male,0,2,0
43,25 - 45,Felony,African-American,Male,2,1,0
26,25 - 45,Felony,African-American,Male,1,3,0
32,25 - 45,Felony,African-American,Male,7,2,0
57,Greater than 45,Felony,Caucasian,Female,2,1,0
40,25 - 45,Misdemeanor,Caucasian,Female,0,1,0
29,25 - 45,Misdemeanor,Caucasian,Male,1,10,0
36,25 - 45,Misdemeanor,African-American,Male,2,2,0
35,25 - 45,Felony,African-American,Male,6,5,1
49,Greater than 45,Misdemeanor,Hispanic,Male,0,1,0
21,Less than 25,Felony,African-American,Male,2,5,1
33,25 - 45,Misdemeanor,Hispanic,Male,0,1,0
55,Greater than 45,Felony,African-American,Male,5,3,0
26,25 - 45,Misdemeanor,Caucasian,Male,0,4,0
52,Greater than 45,Felony,Caucasian,Female,6,1,0
52,Greater than 45,Felony,African-American,Male,16,5,1
60,Greater than 45,Misdemeanor,Caucasian,Male,2,1,0
44,25 - 45,Misdemeanor,Caucasian,Male,0,1,0
30,25 - 45,Felony,Hispanic,Male,1,2,0
25,25 - 45,Misdemeanor,African-American,Female,2,4,0
22,Less than 25,Felony,Caucasian,Male,1,4,0
28,25 - 45,Felony,African-American,Female,0,4,0
30,25 - 45,Misdemeanor,Caucasian,Male,0,2,0
39,25 - 45,Felony,African-American,Male,9,1,0
46,Greater than 45,Felony,Other,Female,1,1,0
47,Greater than 45,Misdemeanor,Other,Male,3,1,0
26,25 - 45,Misdemeanor,African-American,Male,5,6,0
23,Less than 25,Felony,African-American,Female,0,4,0
54,Greater than 45,Felony,Caucasian,Male,0,1,0
50,Greater than 45,Misdemeanor,African-American,Male,2,5,0
25,25 - 45,Felony,Caucasian,Male,1,5,0
46,Greater than 45,Felony,Caucasian,Female,0,1,0
22,Less than 25,Misdemeanor,Caucasian,Male,0,5,0
38,25 - 45,Felony,Caucasian,Male,10,1,1
18,Less than 25,Felony,African-American,Male,4,9,1
23,Less than 25,Felony,Caucasian,Female,0,5,0
32,25 - 45,Misdemeanor,Hispanic,Female,8,2,1
25,25 - 45,Felony,Caucasian,Male,2,7,0
53,Greater than 45,Felony,Caucasian,Male,0,1,0
39,25 - 45,Misdemeanor,African-American,Male,0,4,0
37,25 - 45,Felony,Other,Male,2,3,1
24,Less than 25,Felony,African-American,Female,7,7,0
33,25 - 45,Misdemeanor,Caucasian,Male,0,1,0
24,Less than 25,Misdemeanor,Caucasian,Female,1,4,0
46,Greater than 45,Felony,Caucasian,Male,1,1,0
32,25 - 45,Felony,Hispanic,Male,7,3,0
24,Less than 25,Felony,Hispanic,Male,2,4,0
38,25 - 45,Felony,Caucasian,Female,0,1,0
57,Greater than 45,Felony,Caucasian,Male,2,1,0
43,25 - 45,Felony,Caucasian,Male,0,1,0
22,Less than 25,Misdemeanor,African-American,Male,0,6,0
28,25 - 45,Misdemeanor,African-American,Female,9,9,1
51,Greater than 45,Felony,Caucasian,Male,3,3,0
41,25 - 45,Felony,Hispanic,Male,3,1,0
24,Less than 25,Felony,Caucasian,Male,1,5,0
27,25 - 45,Misdemeanor,African-American,Male,6,10,0
25,25 - 45,Misdemeanor,African-American,Male,0,4,0
56,Greater than 45,Misdemeanor,Caucasian,Male,3,2,0
29,25 - 45,Misdemeanor,African-American,Female,1,3,0
21,Less than 25,Felony,African-American,Male,0,9,0
28,25 - 45,Misdemeanor,African-American,Female,0,2,0
35,25 - 45,Felony,African-American,Male,2,1,0
23,Less than 25,Felony,Caucasian,Male,0,5,0
48,Greater than 45,Felony,African-American,Male,4,4,0
37,25 - 45,Felony,African-American,Male,2,7,0
33,25 - 45,Felony,African-American,Male,0,1,0
23,Less than 25,Felony,African-American,Male,5,4,1
24,Less than 25,Felony,African-American,Male,0,3,0
44,25 - 45,Misdemeanor,African-American,Male,2,4,0
26,25 - 45,Misdemeanor,African-American,Female,0,2,0
29,25 - 45,Felony,African-American,Male,2,5,0
26,25 - 45,Felony,Hispanic,Male,0,2,0
30,25 - 45,Misdemeanor,Caucasian,Male,1,1,0
42,25 - 45,Felony,Other,Male,1,2,0
28,25 - 45,Felony,African-American,Female,0,3,1
20,Less than 25,Felony,African-American,Male,0,6,0
24,Less than 25,Misdemeanor,Caucasian,Female,7,4,0
21,Less than 25,Felony,African-American,Female,1,9,0
27,25 - 45,Felony,African-American,Male,8,6,1
42,25 - 45,Misdemeanor,Caucasian,Male,0,1,0
55,Greater than 45,Misdemeanor,Caucasian,Female,0,1,0
23,Less than 25,Misdemeanor,African-American,Male,0,6,0
64,Greater than 45,Felony,African-American,Female,0,1,0
48,Greater than 45,Misdemeanor,Other,Male,0,1,0
30,25 - 45,Misdemeanor,Caucasian,Male,0,3,0
22,Less than 25,Misdemeanor,African-American,Female,1,4,0
24,Less than 25,Felony,Caucasian,Male,0,5,0
30,25 - 45,Misdemeanor,African-American,Male,3,7,0
31,25 - 45,Felony,African-American,Male,1,6,0
23,Less than 25,Misdemeanor,Hispanic,Male,0,8,0
28,25 - 45,Felony,African-American,Male,11,5,1
24,Less than 25,Felony,African-American,Male,0,4,0
31,25 - 45,Misdemeanor,Other,Male,1,1,0
29,25 - 45,Felony,African-American,Male,3,3,1
28,25 - 45,Misdemeanor,African-American,Male,4,4,1
49,Greater than 45,Felony,Caucasian,Male,0,2,0
42,25 - 45,Misdemeanor,Caucasian,Male,0,1,0
38,25 - 45,Misdemeanor,African-American,Male,4,2,0
36,25 - 45,Felony,African-American,Male,0,1,0
29,25 - 45,Misdemeanor,African-American,Male,11,5,0
39,25 - 45,Misdemeanor,African-American,Male,2,1,0
47,Greater than 45,Misdemeanor,Caucasian,Male,0,1,0
63,Greater than 45,Misdemeanor,African-American,Male,2,1,0
55,Greater than 45,Misdemeanor,Caucasian,Male,27,1,0
54,Greater than 45,Misdemeanor,Other,Male,2,1,1
37,25 - 45,Misdemeanor,Caucasian,Male,1,1,0
34,25 - 45,Felony,African-American,Male,0,2,0
57,Greater than 45,Felony,Other,Male,0,1,0
32,25 - 45,Felony,African-American,Male,8,4,0
26,25 - 45,Felony,African-American,Male,2,6,1
29,25 - 45,Misdemeanor,African-American,Male,2,2,0
53,Greater than 45,Felony,African-American,Male,20,5,0
57,Greater than 45,Misdemeanor,Hispanic,Male,1,1,0
27,25 - 45,Felony,Caucasian,Male,0,3,0
48,Greater than 45,Felony,Caucasian,Male,0,1,0
29,25 - 45,Misdemeanor,Hispanic,Male,0,2,1
25,25 - 45,Misdemeanor,Caucasian,Male,1,4,1
67,Greater than 45,Felony,Caucasian,Male,0,1,0
29,25 - 45,Misdemeanor,African-American,Male,2,3,0
53,Greater than 45,Felony,African-American,Female,3,1,0
49,Greater than 45,Felony,African-American,Male,0,1,0
44,25 - 45,Misdemeanor,Caucasian,Female,0,1,0
55,Greater than 45,Felony,Hispanic,Female,0,1,0
46,Greater than 45,Misdemeanor,African-American,Male,0,1,0
48,Greater than 45,Felony,African-American,Female,0,1,1
77,Greater than 45,Misdemeanor,African-American,Male,1,1,1
54,Greater than 45,Felony,Caucasian,Male,3,1,0
26,25 - 45,Felony,African-American,Male,15,6,0
39,25 - 45,Felony,Caucasian,Male,2,2,0
35,25 - 45,Felony,Hispanic,Male,13,3,0
41,25 - 45,Felony,African-American,Male,6,4,0
32,25 - 45,Misdemeanor,African-American,Male,1,8,0
48,Greater than 45,Misdemeanor,African-American,Male,12,3,0
52,Greater than 45,Misdemeanor,African-American,Male,0,4,1
46,Greater than 45,Misdemeanor,Caucasian,Female,0,1,0
22,Less than 25,Felony,African-American,Female,0,5,0
39,25 - 45,Felony,African-American,Male,8,2,0
35,25 - 45,Felony,African-American,Male,9,3,0
26,25 - 45,Misdemeanor,African-American,Male,1,2,0
27,25 - 45,Felony,African-American,Male,1,3,0
27,25 - 45,Felony,African-American,Male,5,5,1
34,25 - 45,Felony,Caucasian,Female,10,5,1
32,25 - 45,Misdemeanor,African-American,Female,0,1,1
52,Greater than 45,Felony,African-American,Male,7,3,1
21,Less than 25,Felony,African-American,Male,2,10,1
26,25 - 45,Felony,Hispanic,Male,0,4,0
31,25 - 45,Misdemeanor,African-American,Male,1,2,0
34,25 - 45,Misdemeanor,Caucasian,Male,1,5,0
32,25 - 45,Misdemeanor,African-American,Male,0,3,0
50,Greater than 45,Misdemeanor,Caucasian,Female,0,1,1
27,25 - 45,Misdemeanor,African-American,Male,1,3,0
26,25 - 45,Felony,African-American,Female,4,3,0
27,25 - 45,Felony,African-American,Male,4,3,1
58,Greater than 45,Misdemeanor,African-American,Male,0,1,0
24,Less than 25,Felony,African-American,Male,15,9,1
50,Greater than 45,Misdemeanor,Caucasian,Male,0,1,0
46,Greater than 45,Felony,Hispanic,Male,0,1,0
34,25 - 45,Felony,African-American,Male,10,5,0
26,25 - 45,Felony,Caucasian,Male,2,3,0
31,25 - 45,Felony,Caucasian,Male,0,1,0
39,25 - 45,Felony,African-American,Male,0,1,0
22,Less than 25,Misdemeanor,African-American,Female,0,5,0
25,25 - 45,Misdemeanor,African-American,Female,0,3,0
21,Less than 25,Felony,African-American,Female,2,6,0
20,Less than 25,Felony,Caucasian,Male,1,6,0
54,Greater than 45,Misdemeanor,African-American,Male,12,2,1
27,25 - 45,Felony,African-American,Female,2,4,1
55,Greater than 45,Felony,Caucasian,Female,0,1,0
24,Less than 25,Misdemeanor,African-American,Male,0,3,0
20,Less than 25,Felony,African-American,Male,0,9,1
34,25 - 45,Misdemeanor,Caucasian,Female,1,2,0
24,Less than 25,Felony,African-American,Male,0,6,0
42,25 - 45,Felony,Caucasian,Male,8,4,0
20,Less than 25,Misdemeanor,Caucasian,Male,0,7,0
20,Less than 25,Misdemeanor,African-American,Male,0,7,0
27,25 - 45,Misdemeanor,African-American,Male,5,4,0
20,Less than 25,Misdemeanor,Caucasian,Male,0,9,1
20,Less than 25,Felony,African-American,Male,0,8,0
29,25 - 45,Felony,African-American,Male,9,4,1
24,Less than 25,Felony,African-American,Female,0,4,0
27,25 - 45,Felony,Caucasian,Male,0,3,0
24,Less than 25,Felony,Caucasian,Male,0,4,0
31,25 - 45,Misdemeanor,African-American,Male,6,8,1
54,Greater than 45,Felony,Caucasian,Male,0,1,0
35,25 - 45,Felony,African-American,Female,7,2,1
53,Greater than 45,Felony,African-American,Female,0,1,0
26,25 - 45,Misdemeanor,African-American,Male,9,4,1
25,25 - 45,Felony,African-American,Male,6,4,1
49,Greater than 45,Felony,Caucasian,Female,0,1,0
57,Greater than 45,Felony,Caucasian,Male,0,1,0
25,25 - 45,Felony,Caucasian,Male,5,5,1
42,25 - 45,Felony,African-American,Female,1,4,0
51,Greater than 45,Felony,African-American,Male,1,1,0
31,25 - 45,Misdemeanor,Other,Male,5,2,0
53,Greater than 45,Misdemeanor,African-American,Male,13,3,0
43,25 - 45,Felony,African-American,Female,6,3,0
34,25 - 45,Felony,African-American,Male,0,2,0
51,Greater than 45,Misdemeanor,African-American,Male,0,1,0
26,25 - 45,Misdemeanor,Caucasian,Male,1,3,0
47,Greater than 45,Felony,African-American,Male,5,1,0
22,Less than 25,Felony,Caucasian,Male,0,5,0
36,25 - 45,Felony,Caucasian,Female,0,1,0
36,25 - 45,Misdemeanor,Hispanic,Female,1,1,0
25,25 - 45,Misdemeanor,African-American,Male,6,7,0
33,25 - 45,Misdemeanor,Caucasian,Male,0,1,0
28,25 - 45,Felony,African-American,Female,1,2,0
28,25 - 45,Felony,African-American,Male,5,5,1
20,Less than 25,Misdemeanor,Caucasian,Male,0,6,0
27,25 - 45,Felony,African-American,Male,2,3,0
24,Less than 25,Felony,Other,Female,0,4,0
39,25 - 45,Felony,African-American,Female,1,5,0
26,25 - 45,Felony,African-American,Male,0,3,0
55,Greater than 45,Misdemeanor,Hispanic,Male,0,1,0
50,Greater than 45,Felony,Hispanic,Male,5,1,1
56,Greater than 45,Misdemeanor,Caucasian,Male,5,3,0
48,Greater than 45,Felony,African-American,Female,1,1,0
21,Less than 25,Felony,African-American,Male,1,10,0
35,25 - 45,Misdemeanor,Caucasian,Male,0,2,0
32,25 - 45,Felony,African-American,Male,0,4,0
44,25 - 45,Misdemeanor,Hispanic,Female,0,1,0
49,Greater than 45,Felony,Caucasian,Male,0,1,0
40,25 - 45,Felony,Caucasian,Female,0,2,0
22,Less than 25,Misdemeanor,African-American,Male,4,5,0
49,Greater than 45,Misdemeanor,Caucasian,Male,1,1,0
41,25 - 45,Felony,African-American,Male,12,3,1
46,Greater than 45,Felony,Caucasian,Male,0,1,0
57,Greater than 45,Misdemeanor,African-American,Male,2,1,0
32,25 - 45,Felony,African-American,Male,0,6,0
36,25 - 45,Misdemeanor,African-American,Male,1,3,0
30,25 - 45,Misdemeanor,African-American,Male,1,6,0
28,25 - 45,Misdemeanor,African-American,Male,0,3,0
29,25 - 45,Felony,African-American,Male,8,9,1
21,Less than 25,Misdemeanor,African-American,Male,1,6,0
23,Less than 25,Felony,African-American,Male,5,6,1
27,25 - 45,Misdemeanor,Other,Male,0,2,0
25,25 - 45,Felony,Caucasian,Male,4,7,0
35,25 - 45,Felony,Other,Male,2,3,0
35,25 - 45,Felony,Hispanic,Male,0,2,1
25,25 - 45,Misdemeanor,African-American,Female,1,3,1
35,25 - 45,Felony,African-American,Male,9,5,0
32,25 - 45,Misdemeanor,African-American,Male,0,7,0
23,Less than 25,Misdemeanor,African-American,Female,0,5,0
23,Less than 25,Felony,African-American,Male,4,10,0
26,25 - 45,Misdemeanor,African-American,Female,0,4,0
24,Less than 25,Felony,African-American,Male,1,4,0
37,25 - 45,Misdemeanor,African-American,Male,0,2,0
29,25 - 45,Felony,African-American,Male,0,3,0
34,25 - 45,Felony,Other,Male,0,1,0
49,Greater than 45,Felony,Caucasian,Male,3,1,0
31,25 - 45,Felony,African-American,Male,2,2,0
59,Greater than 45,Misdemeanor,Caucasian,Male,0,1,0
23,Less than 25,Felony,African-American,Male,1,5,0
22,Less than 25,Felony,African-American,Male,1,7,0
36,25 - 45,Felony,African-American,Male,0,1,0
31,25 - 45,Misdemeanor,Caucasian,Male,3,9,0
29,25 - 45,Misdemeanor,Hispanic,Female,0,2,0
26,25 - 45,Felony,Caucasian,Male,0,3,0
24,Less than 25,Misdemeanor,African-American,Male,0,5,0
43,25 - 45,Felony,Other,Male,1,1,0
27,25 - 45,Felony,African-American,Male,11,10,0
28,25 - 45,Felony,Caucasian,Male,4,3,0
33,25 - 45,Felony,Other,Female,0,2,0
54,Greater than 45,Felony,Caucasian,Male,3,2,1
57,Greater than 45,Misdemeanor,Caucasian,Male,0,1,0
30,25 - 45,Felony,African-American,Male,2,2,0
27,25 - 45,Misdemeanor,Other,Male,0,2,0
31,25 - 45,Felony,African-American,Female,4,5,0
29,25 - 45,Felony,Caucasian,Male,0,3,0
29,25 - 45,Misdemeanor,Hispanic,Female,0,2,1
33,25 - 45,Misdemeanor,Hispanic,Male,2,4,0
22,Less than 25,Misdemeanor,African-American,Male,0,6,0
35,25 - 45,Misdemeanor,African-American,Male,0,7,1
30,25 - 45,Felony,African-American,Male,14,7,0
63,Greater than 45,Misdemeanor,Caucasian,Female,0,1,0
34,25 - 45,Misdemeanor,Other,Male,3,2,0
36,25 - 45,Felony,Caucasian,Male,0,3,1
21,Less than 25,Felony,African-American,Male,0,8,0
23,Less than 25,Felony,Caucasian,Male,1,4,0
40,25 - 45,Felony,African-American,Male,1,1,0
30,25 - 45,Misdemeanor,African-American,Male,3,5,1
41,25 - 45,Misdemeanor,African-American,Male,1,2,0
56,Greater than 45,Misdemeanor,Caucasian,Male,0,1,0
61,Greater than 45,Misdemeanor,African-American,Male,14,2,0
31,25 - 45,Felony,African-American,Male,6,6,0
32,25 - 45,Felony,African-American,Male,4,9,0
56,Greater than 45,Misdemeanor,Other,Male,0,1,0
62,Greater than 45,Misdemeanor,African-American,Male,0,1,0
23,Less than 25,Misdemeanor,Caucasian,Male,0,6,0
53,Greater than 45,Misdemeanor,Other,Male,0,1,0
67,Greater than 45,Misdemeanor,Caucasian,Male,0,1,0
38,25 - 45,Misdemeanor,Hispanic,Male,0,1,0
40,25 - 45,Felony,Other,Male,1,1,0
45,Greater than 45,Felony,Other,Female,1,1,0
29,25 - 45,Misdemeanor,African-American,Male,3,8,1
32,25 - 45,Misdemeanor,Hispanic,Male,0,3,0
39,25 - 45,Felony,Other,Female,0,1,0
29,25 - 45,Felony,African-American,Male,0,2,0
46,Greater than 45,Felony,African-American,Male,4,1,0
31,25 - 45,Misdemeanor,African-American,Male,9,8,1
24,Less than 25,Misdemeanor,African-American,Male,1,4,0
28,25 - 45,Felony,African-American,Male,1,2,1
24,Less than 25,Misdemeanor,African-American,Female,0,5,0
29,25 - 45,Felony,Other,Male,5,5,0
28,25 - 45,Felony,Hispanic,Male,3,8,1
36,25 - 45,Felony,Caucasian,Male,1,1,0
25,25 - 45,Misdemeanor,African-American,Male,2,5,0
29,25 - 45,Felony,Caucasian,Male,0,2,0
26,25 - 45,Felony,Caucasian,Female,1,7,0
32,25 - 45,Felony,African-American,Male,4,3,1
29,25 - 45,Felony,Hispanic,Male,1,2,0
26,25 - 45,Felony,Caucasian,Female,0,3,0
46,Greater than 45,Misdemeanor,Caucasian,Female,0,1,0
41,25 - 45,Felony,Caucasian,Male,0,1,0
38,25 - 45,Misdemeanor,Other,Female,0,1,0
24,Less than 25,Felony,African-American,Female,1,5,1
22,Less than 25,Misdemeanor,Caucasian,Male,1,6,0
26,25 - 45,Misdemeanor,Caucasian,Male,7,5,0
30,25 - 45,Misdemeanor,African-American,Male,0,1,0
34,25 - 45,Felony,Caucasian,Male,1,4,0
23,Less than 25,Misdemeanor,Caucasian,Male,3,9,0
47,Greater than 45,Misdemeanor,Caucasian,Female,0,1,0
55,Greater than 45,Misdemeanor,Caucasian,Male,2,1,0
30,25 - 45,Misdemeanor,Hispanic,Male,0,2,0
43,25 - 45,Felony,African-American,Male,2,6,0
45,Greater than 45,Felony,African-American,Male,38,8,1
30,25 - 45,Misdemeanor,Hispanic,Male,0,1,0
61,Greater than 45,Felony,Caucasian,Female,15,2,0
49,Greater than 45,Felony,Caucasian,Male,0,1,0
49,Greater than 45,Misdemeanor,African-American,Male,1,1,0
42,25 - 45,Felony,African-American,Male,1,1,0
24,Less than 25,Misdemeanor,African-American,Male,1,5,0
51,Greater than 45,Felony,Caucasian,Male,0,1,0
32,25 - 45,Misdemeanor,Hispanic,Male,6,2,1
49,Greater than 45,Felony,African-American,Male,2,1,0
56,Greater than 45,Felony,Caucasian,Male,1,3,0
53,Greater than 45,Misdemeanor,Caucasian,Male,8,3,0
27,25 - 45,Misdemeanor,Other,Male,2,3,1
41,25 - 45,Misdemeanor,Caucasian,Male,3,1,0
45,Greater than 45,Felony,African-American,Male,6,1,0
21,Less than 25,Felony,African-American,Female,0,9,0
27,25 - 45,Misdemeanor,Caucasian,Male,2,3,1
21,Less than 25,Felony,African-American,Male,0,5,0
31,25 - 45,Felony,Caucasian,Male,0,1,0
45,Greater than 45,Misdemeanor,Hispanic,Female,0,1,0
30,25 - 45,Felony,African-American,Male,8,4,0
23,Less than 25,Felony,African-American,Male,0,5,0
52,Greater than 45,Felony,Caucasian,Male,1,1,0
51,Greater than 45,Misdemeanor,African-American,Female,3,2,0
44,25 - 45,Felony,African-American,Female,0,1,0
25,25 - 45,Felony,Hispanic,Female,0,3,0
37,25 - 45,Misdemeanor,Other,Male,0,1,0
34,25 - 45,Felony,Caucasian,Female,0,1,0
23,Less than 25,Misdemeanor,African-American,Male,3,9,1
71,Greater than 45,Misdemeanor,Caucasian,Male,3,1,0
45,Greater than 45,Misdemeanor,Caucasian,Male,2,1,0
29,25 - 45,Misdemeanor,African-American,Male,0,2,0
36,25 - 45,Felony,Hispanic,Male,5,1,0
42,25 - 45,Felony,Hispanic,Male,1,1,1
21,Less than 25,Misdemeanor,African-American,Male,0,8,0
29,25 - 45,Misdemeanor,Caucasian,Male,2,2,0
54,Greater than 45,Misdemeanor,Caucasian,Male,0,1,0
29,25 - 45,Misdemeanor,Caucasian,Male,1,2,0
25,25 - 45,Felony,Hispanic,Female,14,4,0
62,Greater than 45,Misdemeanor,Other,Male,0,1,0
65,Greater than 45,Felony,Caucasian,Female,1,1,0
31,25 - 45,Felony,Caucasian,Male,0,1,0
21,Less than 25,Felony,African-American,Male,0,10,0
27,25 - 45,Felony,African-American,Male,17,4,1
33,25 - 45,Felony,Caucasian,Male,1,5,0
25,25 - 45,Felony,African-American,Male,3,6,0
39,25 - 45,Felony,Caucasian,Male,1,1,0
29,25 - 45,Misdemeanor,African-American,Male,8,6,1
42,25 - 45,Felony,Caucasian,Female,0,1,0
21,Less than 25,Felony,Caucasian,Male,0,8,0
36,25 - 45,Misdemeanor,African-American,Male,2,8,1
24,Less than 25,Felony,African-American,Female,0,3,1
67,Greater than 45,Misdemeanor,Caucasian,Female,0,1,0
29,25 - 45,Felony,Other,Male,4,3,1
39,25 - 45,Felony,African-American,Male,3,3,1
41,25 - 45,Misdemeanor,Hispanic,Male,1,1,0
25,25 - 45,Felony,African-American,Female,1,4,0
37,25 - 45,Misdemeanor,African-American,Male,4,4,1
23,Less than 25,Misdemeanor,African-American,Male,1,6,0
31,25 - 45,Misdemeanor,Caucasian,Female,1,1,1
67,Greater than 45,Misdemeanor,Caucasian,Male,0,1,0
27,25 - 45,Felony,African-American,Male,10,3,0
26,25 - 45,Misdemeanor,Caucasian,Female,1,5,0
31,25 - 45,Felony,Other,Male,0,3,0
28,25 - 45,Misdemeanor,Caucasian,Male,0,5,0
51,Greater than 45,Misdemeanor,Caucasian,Female,0,1,0
27,25 - 45,Felony,African-American,Female,1,2,0
32,25 - 45,Misdemeanor,African-American,Male,5,4,0
27,25 - 45,Misdemeanor,African-American,Male,4,6,0
41,25 - 45,Felony,Caucasian,Male,1,1,1
24,Less than 25,Misdemeanor,African-American,Male,12,9,0
61,Greater than 45,Felony,African-American,Male,11,3,0
29,25 - 45,Felony,Caucasian,Female,3,2,0
34,25 - 45,Felony,Caucasian,Male,11,3,0
45,Greater than 45,Felony,Caucasian,Male,0,1,0
31,25 - 45,Felony,Caucasian,Male,6,3,0
22,Less than 25,Misdemeanor,Caucasian,Female,1,7,0
25,25 - 45,Felony,African-American,Female,1,6,0
29,25 - 45,Felony,African-American,Male,1,4,1
32,25 - 45,Felony,Hispanic,Female,1,1,0
39,25 - 45,Misdemeanor,Caucasian,Male,0,1,0
22,Less than 25,Felony,Other,Male,3,5,0
25,25 - 45,Misdemeanor,Caucasian,Male,0,6,0
22,Less than 25,Misdemeanor,African-American,Male,0,6,1
44,25 - 45,Felony,African-American,Female,6,3,0
23,Less than 25,Felony,African-American,Male,0,6,0
46,Greater than 45,Felony,Caucasian,Male,0,1,0
33,25 - 45,Felony,Caucasian,Male,2,2,0
40,25 - 45,Felony,Caucasian,Female,3,1,1
54,Greater than 45,Felony,Caucasian,Male,7,1,0
21,Less than 25,Misdemeanor,Caucasian,Male,0,7,0
43,25 - 45,Misdemeanor,Caucasian,Male,6,4,1
22,Less than 25,Misdemeanor,African-American,Male,0,10,0
31,25 - 45,Felony,African-American,Male,0,3,0
27,25 - 45,Felony,Hispanic,Male,4,2,1
21,Less than 25,Misdemeanor,African-American,Male,1,7,0
23,Less than 25,Misdemeanor,Caucasian,Male,0,7,0
64,Greater than 45,Misdemeanor,African-American,Male,0,1,0
42,25 - 45,Felony,Other,Female,0,1,0
20,Less than 25,Felony,African-American,Male,0,7,0
26,25 - 45,Misdemeanor,Caucasian,Male,1,3,0
23,Less than 25,Misdemeanor,Hispanic,Male,0,4,1
45,Greater than 45,Felony,African-American,Female,0,1,0
47,Greater than 45,Misdemeanor,African-American,Female,4,6,0
32,25 - 45,Felony,African-American,Male,9,6,0
23,Less than 25,Felony,Other,Male,0,4,0
28,25 - 45,Felony,African-American,Female,1,2,0
36,25 - 45,Felony,Caucasian,Male,0,1,0
32,25 - 45,Felony,Hispanic,Male,1,2,0
24,Less than 25,Felony,African-American,Male,0,5,0
46,Greater than 45,Misdemeanor,African-American,Male,2,3,0
57,Greater than 45,Felony,African-American,Male,28,6,1
43,25 - 45,Felony,African-American,Male,23,3,0
42,25 - 45,Misdemeanor,African-American,Male,0,4,0
26,25 - 45,Felony,Caucasian,Male,1,3,0
74,Greater than 45,Misdemeanor,Caucasian,Male,0,1,0
24,Less than 25,Misdemeanor,Hispanic,Female,1,3,0
22,Less than 25,Felony,Other,Male,0,6,0
33,25 - 45,Misdemeanor,African-American,Male,2,4,0
22,Less than 25,Misdemeanor,African-American,Male,1,6,1
50,Greater than 45,Misdemeanor,Caucasian,Male,4,1,0
35,25 - 45,Felony,African-American,Female,5,3,1
33,25 - 45,Felony,African-American,Male,0,1,1
36,25 - 45,Misdemeanor,African-American,Female,1,1,0
63,Greater than 45,Felony,African-American,Male,1,1,0
69,Greater than 45,Felony,Caucasian,Female,5,1,0
44,25 - 45,Misdemeanor,Caucasian,Male,1,1,0
29,25 - 45,Felony,African-American,Female,0,2,0
52,Greater than 45,Misdemeanor,Caucasian,Female,0,1,0
23,Less than 25,Felony,African-American,Male,1,9,1
22,Less than 25,Misdemeanor,Hispanic,Female,0,4,0
26,25 - 45,Felony,Caucasian,Male,0,2,0
24,Less than 25,Misdemeanor,African-American,Male,0,4,1
45,Greater than 45,Misdemeanor,African-American,Male,4,1,0
26,25 - 45,Misdemeanor,Hispanic,Female,1,3,0
47,Greater than 45,Misdemeanor,African-American,Male,0,1,0
26,25 - 45,Felony,African-American,Male,0,4,0
52,Greater than 45,Misdemeanor,Caucasian,Male,1,1,0
51,Greater than 45,Felony,Caucasian,Male,0,1,0
47,Greater than 45,Felony,African-American,Male,7,1,1
38,25 - 45,Misdemeanor,Caucasian,Male,1,1,1
67,Greater than 45,Felony,Caucasian,Male,1,1,0
47,Greater than 45,Felony,African-American,Male,1,2,0
66,Greater than 45,Misdemeanor,Caucasian,Male,0,1,0
39,25 - 45,Felony,Caucasian,Male,0,1,0
49,Greater than 45,Misdemeanor,Caucasian,Female,2,1,0
45,Greater than 45,Misdemeanor,African-American,Female,9,9,0
22,Less than 25,Misdemeanor,Asian,Male,1,4,0
34,25 - 45,Felony,Caucasian,Male,5,1,0
22,Less than 25,Felony,African-American,Male,8,6,1
34,25 - 45,Felony,African-American,Male,1,3,0
34,25 - 45,Felony,Caucasian,Male,1,2,0
20,Less than 25,Felony,Asian,Male,2,8,1
40,25 - 45,Felony,Caucasian,Male,0,1,0
27,25 - 45,Misdemeanor,Caucasian,Female,0,6,1
23,Less than 25,Felony,Hispanic,Male,2,4,0
47,Greater than 45,Misdemeanor,African-American,Male,14,1,0
38,25 - 45,Misdemeanor,African-American,Male,16,6,1
24,Less than 25,Misdemeanor,Hispanic,Male,0,5,0
38,25 - 45,Misdemeanor,Other,Male,0,1,0
26,25 - 45,Felony,African-American,Male,0,3,0
28,25 - 45,Felony,African-American,Female,5,4,0
43,25 - 45,Misdemeanor,African-American,Male,5,7,0
29,25 - 45,Felony,African-American,Male,2,2,1
74,Greater than 45,Felony,Caucasian,Male,2,1,0
47,Greater than 45,Felony,African-American,Male,4,2,1
43,25 - 45,Misdemeanor,Caucasian,Female,0,1,0
24,Less than 25,Felony,African-American,Female,0,4,0
26,25 - 45,Felony,Asian,Male,2,5,1
56,Greater than 45,Misdemeanor,African-American,Male,0,1,0
49,Greater than 45,Felony,Caucasian,Male,0,1,0
36,25 - 45,Misdemeanor,Other,Female,1,1,0
24,Less than 25,Felony,Caucasian,Female,1,4,0
28,25 - 45,Felony,Caucasian,Male,11,5,0
26,25 - 45,Felony,African-American,Female,4,4,1
56,Greater than 45,Felony,African-American,Male,4,4,0
58,Greater than 45,Misdemeanor,Caucasian,Male,8,1,0
33,25 - 45,Felony,African-American,Male,3,4,0
25,25 - 45,Misdemeanor,Caucasian,Male,5,7,0
30,25 - 45,Felony,Caucasian,Female,3,2,0
31,25 - 45,Misdemeanor,Hispanic,Male,1,5,0
21,Less than 25,Felony,African-American,Male,0,7,1
44,25 - 45,Felony,African-American,Male,11,3,1
30,25 - 45,Felony,Caucasian,Male,2,2,0
34,25 - 45,Felony,Caucasian,Male,4,5,0
26,25 - 45,Misdemeanor,African-American,Male,2,3,0
51,Greater than 45,Misdemeanor,Caucasian,Male,4,1,0
36,25 - 45,Misdemeanor,African-American,Male,0,1,0
21,Less than 25,Felony,African-American,Male,1,5,0
59,Greater than 45,Misdemeanor,African-American,Male,5,3,0
28,25 - 45,Felony,Hispanic,Male,1,2,0
37,25 - 45,Felony,African-American,Male,4,2,0
41,25 - 45,Misdemeanor,Caucasian,Male,0,1,0
54,Greater than 45,Misdemeanor,Caucasian,Female,1,1,0
30,25 - 45,Misdemeanor,Caucasian,Male,2,7,0
28,25 - 45,Misdemeanor,Caucasian,Male,0,3,1
22,Less than 25,Misdemeanor,African-American,Male,0,7,0
27,25 - 45,Misdemeanor,African-American,Male,1,8,0
22,Less than 25,Misdemeanor,Hispanic,Male,0,5,0
22,Less than 25,Felony,Caucasian,Female,1,6,0
49,Greater than 45,Felony,Caucasian,Female,3,1,0
61,Greater than 45,Misdemeanor,Caucasian,Female,1,1,0
49,Greater than 45,Felony,Caucasian,Female,2,1,0
42,25 - 45,Felony,Caucasian,Male,5,2,0
36,25 - 45,Felony,African-American,Male,9,2,0
36,25 - 45,Misdemeanor,Caucasian,Male,0,1,0
24,Less than 25,Misdemeanor,African-American,Male,2,4,1
32,25 - 45,Felony,Caucasian,Male,0,1,0
25,25 - 45,Felony,African-American,Male,1,3,0
30,25 - 45,Misdemeanor,Caucasian,Female,2,1,1
43,25 - 45,Misdemeanor,African-American,Male,0,1,0
28,25 - 45,Felony,African-American,Male,1,2,0
32,25 - 45,Felony,African-American,Male,4,3,0
23,Less than 25,Felony,Caucasian,Male,0,6,0
26,25 - 45,Felony,Hispanic,Male,0,3,0
44,25 - 45,Felony,Hispanic,Male,0,1,0
30,25 - 45,Misdemeanor,African-American,Male,2,3,0
20,Less than 25,Felony,African-American,Male,0,9,0
23,Less than 25,Felony,African-American,Male,0,5,0
23,Less than 25,Felony,African-American,Male,0,5,0
57,Greater than 45,Felony,Other,Male,0,1,0
33,25 - 45,Misdemeanor,African-American,Female,3,2,0
